date,DGS10,DGS2,DTB3,T10Y2Y,VIXCLS,UNRATE,INDPRO,PAYEMS,FEDFUNDS,SP500
2015-01-01,,,,,,5.7,102.8905,140568.0,0.11,
2015-01-02,2.12,0.66,0.02,1.46,17.79,,,,,2058.199951171875
2015-01-05,2.04,0.68,0.03,1.36,19.92,,,,,2020.5799560546875
2015-01-06,1.97,0.65,0.03,1.32,21.12,,,,,2002.6099853515625
2015-01-07,1.96,0.62,0.03,1.34,19.31,,,,,2025.9000244140625
2015-01-08,2.03,0.62,0.03,1.41,17.01,,,,,2062.139892578125
2015-01-09,1.98,0.59,0.02,1.39,17.55,,,,,2044.81005859375
2015-01-12,1.92,0.56,0.03,1.36,19.6,,,,,2028.260009765625
2015-01-13,1.91,0.54,0.03,1.37,20.56,,,,,2023.030029296875
2015-01-14,1.86,0.51,0.04,1.35,21.48,,,,,2011.27001953125
2015-01-15,1.77,0.44,0.03,1.33,22.39,,,,,1992.6700439453125
2015-01-16,1.83,0.49,0.03,1.34,20.95,,,,,2019.4200439453125
2015-01-19,,,,,,,,,,
2015-01-20,1.82,0.53,0.03,1.29,19.89,,,,,2022.550048828125
2015-01-21,1.87,0.53,0.03,1.34,18.85,,,,,2032.1199951171875
2015-01-22,1.9,0.53,0.03,1.37,16.4,,,,,2063.14990234375
2015-01-23,1.81,0.52,0.02,1.29,16.66,,,,,2051.820068359375
2015-01-26,1.83,0.54,0.03,1.29,15.52,,,,,2057.090087890625
2015-01-27,1.83,0.54,0.02,1.29,17.22,,,,,2029.550048828125
2015-01-28,1.73,0.5,0.02,1.23,20.44,,,,,2002.1600341796875
2015-01-29,1.77,0.51,0.03,1.26,18.76,,,,,2021.25
2015-01-30,1.68,0.47,0.02,1.21,20.97,,,,,1994.989990234375
2015-02-01,,,,,,5.5,102.2335,140827.0,0.11,
2015-02-02,1.68,0.49,0.02,1.19,19.43,,,,,2020.8499755859375
2015-02-03,1.79,0.52,0.02,1.27,17.33,,,,,2050.030029296875
2015-02-04,1.81,0.52,0.01,1.29,18.33,,,,,2041.510009765625
2015-02-05,1.83,0.52,0.02,1.31,16.85,,,,,2062.52001953125
2015-02-06,1.95,0.65,0.02,1.3,17.29,,,,,2055.469970703125
2015-02-09,1.96,0.65,0.01,1.31,18.55,,,,,2046.739990234375
2015-02-10,2.01,0.67,0.01,1.34,17.23,,,,,2068.590087890625
2015-02-11,2.0,0.67,0.01,1.33,16.96,,,,,2068.530029296875
2015-02-12,1.99,0.61,0.02,1.38,15.34,,,,,2088.47998046875
2015-02-13,2.02,0.66,0.01,1.36,14.69,,,,,2096.989990234375
2015-02-16,,,,,,,,,,
2015-02-17,2.14,0.7,0.02,1.44,15.8,,,,,2100.340087890625
2015-02-18,2.07,0.62,0.02,1.45,15.45,,,,,2099.679931640625
2015-02-19,2.11,0.67,0.02,1.44,15.29,,,,,2097.449951171875
2015-02-20,2.13,0.67,0.02,1.46,14.3,,,,,2110.300048828125
2015-02-23,2.06,0.64,0.02,1.42,14.56,,,,,2109.659912109375
2015-02-24,1.99,0.6,0.02,1.39,13.69,,,,,2115.47998046875
2015-02-25,1.96,0.61,0.02,1.35,13.84,,,,,2113.860107421875
2015-02-26,2.03,0.66,0.03,1.37,13.91,,,,,2110.739990234375
2015-02-27,2.0,0.63,0.02,1.37,13.34,,,,,2104.5
2015-03-01,,,,,,5.4,101.8914,140923.0,0.11,
2015-03-02,2.08,0.66,0.02,1.42,13.04,,,,,2117.389892578125
2015-03-03,2.12,0.68,0.02,1.44,13.86,,,,,2107.780029296875
2015-03-04,2.12,0.66,0.01,1.46,14.23,,,,,2098.530029296875
2015-03-05,2.11,0.65,0.02,1.46,14.04,,,,,2101.0400390625
2015-03-06,2.24,0.73,0.01,1.51,15.2,,,,,2071.260009765625
2015-03-09,2.2,0.7,0.02,1.5,15.06,,,,,2079.429931640625
2015-03-10,2.14,0.7,0.02,1.44,16.69,,,,,2044.1600341796875
2015-03-11,2.11,0.7,0.03,1.41,16.87,,,,,2040.239990234375
2015-03-12,2.1,0.67,0.03,1.43,15.42,,,,,2065.949951171875
2015-03-13,2.13,0.68,0.03,1.45,16.0,,,,,2053.39990234375
2015-03-16,2.1,0.66,0.05,1.44,15.61,,,,,2081.18994140625
2015-03-17,2.06,0.7,0.05,1.36,15.66,,,,,2074.280029296875
2015-03-18,1.93,0.57,0.03,1.36,13.97,,,,,2099.5
2015-03-19,1.98,0.63,0.03,1.35,14.07,,,,,2089.27001953125
2015-03-20,1.93,0.6,0.01,1.33,13.02,,,,,2108.10009765625
2015-03-23,1.92,0.6,0.03,1.32,13.41,,,,,2104.419921875
2015-03-24,1.88,0.58,0.02,1.3,13.62,,,,,2091.5
2015-03-25,1.93,0.59,0.04,1.34,15.44,,,,,2061.050048828125
2015-03-26,2.01,0.61,0.03,1.4,15.8,,,,,2056.14990234375
2015-03-27,1.95,0.58,0.04,1.37,15.07,,,,,2061.02001953125
2015-03-30,1.96,0.58,0.04,1.38,14.51,,,,,2086.239990234375
2015-03-31,1.94,0.56,0.03,1.38,15.29,,,,,2067.889892578125
2015-04-01,1.87,0.55,0.03,1.32,15.11,5.4,101.3355,141196.0,0.12,2059.68994140625
2015-04-02,1.92,0.55,0.02,1.37,14.67,,,,,2066.9599609375
2015-04-03,1.85,0.49,0.02,1.36,,,,,,
2015-04-06,1.92,0.51,0.03,1.41,14.74,,,,,2080.6201171875
2015-04-07,1.89,0.52,0.02,1.37,14.78,,,,,2076.330078125
2015-04-08,1.92,0.54,0.03,1.38,13.98,,,,,2081.89990234375
2015-04-09,1.97,0.56,0.03,1.41,13.09,,,,,2091.179931640625
2015-04-10,1.96,0.57,0.02,1.39,12.58,,,,,2102.06005859375
2015-04-13,1.94,0.54,0.03,1.4,13.94,,,,,2092.429931640625
2015-04-14,1.9,0.53,0.02,1.37,13.67,,,,,2095.840087890625
2015-04-15,1.91,0.51,0.02,1.4,12.84,,,,,2106.6298828125
2015-04-16,1.9,0.5,0.02,1.4,12.6,,,,,2104.989990234375
2015-04-17,1.87,0.51,0.01,1.36,13.89,,,,,2081.179931640625
2015-04-20,1.9,0.55,0.03,1.35,13.3,,,,,2100.39990234375
2015-04-21,1.92,0.55,0.03,1.37,13.25,,,,,2097.2900390625
2015-04-22,1.99,0.57,0.03,1.42,12.71,,,,,2107.9599609375
2015-04-23,1.96,0.55,0.03,1.41,12.48,,,,,2112.929931640625
2015-04-24,1.93,0.54,0.03,1.39,12.29,,,,,2117.68994140625
2015-04-27,1.94,0.54,0.02,1.4,13.12,,,,,2108.919921875
2015-04-28,2.0,0.56,0.02,1.44,12.41,,,,,2114.760009765625
2015-04-29,2.06,0.56,0.01,1.5,13.39,,,,,2106.85009765625
2015-04-30,2.05,0.58,0.01,1.47,14.55,,,,,2085.510009765625
2015-05-01,2.12,0.6,0.01,1.52,12.7,5.6,100.8883,141538.0,0.12,2108.2900390625
2015-05-04,2.16,0.6,0.02,1.56,12.85,,,,,2114.489990234375
2015-05-05,2.19,0.62,0.01,1.57,14.31,,,,,2089.4599609375
2015-05-06,2.25,0.65,0.02,1.6,15.15,,,,,2080.14990234375
2015-05-07,2.18,0.63,0.01,1.55,15.13,,,,,2088.0
2015-05-08,2.16,0.59,0.01,1.57,12.86,,,,,2116.10009765625
2015-05-11,2.28,0.62,0.02,1.66,13.85,,,,,2105.330078125
2015-05-12,2.28,0.61,0.03,1.67,13.86,,,,,2099.1201171875
2015-05-13,2.27,0.59,0.02,1.68,13.76,,,,,2098.47998046875
2015-05-14,2.23,0.56,0.01,1.67,12.74,,,,,2121.10009765625
2015-05-15,2.14,0.55,0.02,1.59,12.38,,,,,2122.72998046875
2015-05-18,2.23,0.58,0.02,1.65,12.73,,,,,2129.199951171875
2015-05-19,2.27,0.63,0.02,1.64,12.85,,,,,2127.830078125
2015-05-20,2.26,0.6,0.02,1.66,12.88,,,,,2125.85009765625
2015-05-21,2.19,0.6,0.02,1.59,12.11,,,,,2130.820068359375
2015-05-22,2.21,0.64,0.02,1.57,12.13,,,,,2126.06005859375
2015-05-25,,,,,,,,,,
2015-05-26,2.14,0.64,0.02,1.5,14.06,,,,,2104.199951171875
2015-05-27,2.14,0.64,0.01,1.5,13.27,,,,,2123.47998046875
2015-05-28,2.13,0.62,0.01,1.51,13.31,,,,,2120.7900390625
2015-05-29,2.12,0.61,0.01,1.51,13.84,,,,,2107.389892578125
2015-06-01,2.19,0.64,0.02,1.55,13.97,5.3,100.571,141709.0,0.13,2111.72998046875
2015-06-02,2.27,0.64,0.01,1.63,14.24,,,,,2109.60009765625
2015-06-03,2.38,0.69,0.02,1.69,13.66,,,,,2114.070068359375
2015-06-04,2.31,0.66,0.02,1.65,14.71,,,,,2095.840087890625
2015-06-05,2.41,0.73,0.03,1.68,14.21,,,,,2092.830078125
2015-06-08,2.39,0.7,0.02,1.69,15.29,,,,,2079.280029296875
2015-06-09,2.42,0.72,0.02,1.7,14.47,,,,,2080.14990234375
2015-06-10,2.5,0.75,0.02,1.75,13.22,,,,,2105.199951171875
2015-06-11,2.39,0.73,0.01,1.66,12.85,,,,,2108.860107421875
2015-06-12,2.39,0.74,0.02,1.65,13.78,,,,,2094.110107421875
2015-06-15,2.36,0.72,0.02,1.64,15.39,,,,,2084.429931640625
2015-06-16,2.32,0.71,0.01,1.61,14.81,,,,,2096.2900390625
2015-06-17,2.32,0.67,0.01,1.65,14.5,,,,,2100.43994140625
2015-06-18,2.35,0.66,0.01,1.69,13.19,,,,,2121.239990234375
2015-06-19,2.26,0.65,0.01,1.61,13.96,,,,,2109.989990234375
2015-06-22,2.37,0.68,0.01,1.69,12.74,,,,,2122.85009765625
2015-06-23,2.42,0.7,0.01,1.72,12.11,,,,,2124.199951171875
2015-06-24,2.38,0.68,0.01,1.7,13.26,,,,,2108.580078125
2015-06-25,2.4,0.68,0.01,1.72,14.01,,,,,2102.31005859375
2015-06-26,2.49,0.72,0.01,1.77,14.02,,,,,2101.489990234375
2015-06-29,2.33,0.64,0.02,1.69,18.85,,,,,2057.639892578125
2015-06-30,2.35,0.64,0.01,1.71,18.23,,,,,2063.110107421875
2015-07-01,2.43,0.69,0.01,1.74,16.09,5.2,101.2228,141991.0,0.13,2077.419921875
2015-07-02,2.4,0.64,0.01,1.76,16.79,,,,,2076.780029296875
2015-07-03,,,,,,,,,,
2015-07-06,2.3,0.6,0.02,1.7,17.01,,,,,2068.760009765625
2015-07-07,2.27,0.58,0.02,1.69,16.09,,,,,2081.340087890625
2015-07-08,2.22,0.55,0.02,1.67,19.66,,,,,2046.6800537109375
2015-07-09,2.32,0.6,0.03,1.72,19.97,,,,,2051.31005859375
2015-07-10,2.42,0.65,0.01,1.77,16.83,,,,,2076.6201171875
2015-07-13,2.44,0.69,0.02,1.75,13.9,,,,,2099.60009765625
2015-07-14,2.41,0.66,0.01,1.75,13.37,,,,,2108.949951171875
2015-07-15,2.36,0.64,0.02,1.72,13.23,,,,,2107.39990234375
2015-07-16,2.36,0.67,0.02,1.69,12.11,,,,,2124.2900390625
2015-07-17,2.34,0.68,0.03,1.66,11.95,,,,,2126.639892578125
2015-07-20,2.38,0.71,0.04,1.67,12.25,,,,,2128.280029296875
2015-07-21,2.35,0.71,0.03,1.64,12.22,,,,,2119.2099609375
2015-07-22,2.33,0.75,0.04,1.58,12.12,,,,,2114.14990234375
2015-07-23,2.28,0.71,0.03,1.57,12.64,,,,,2102.14990234375
2015-07-24,2.27,0.7,0.04,1.57,13.74,,,,,2079.64990234375
2015-07-27,2.23,0.68,0.05,1.55,15.6,,,,,2067.639892578125
2015-07-28,2.26,0.69,0.05,1.57,13.44,,,,,2093.25
2015-07-29,2.29,0.7,0.06,1.59,12.5,,,,,2108.570068359375
2015-07-30,2.28,0.72,0.07,1.56,12.13,,,,,2108.6298828125
2015-07-31,2.2,0.67,0.08,1.53,12.12,,,,,2103.840087890625
2015-08-01,,,,,,5.1,101.0367,142125.0,0.14,
2015-08-03,2.16,0.68,0.08,1.48,12.56,,,,,2098.0400390625
2015-08-04,2.23,0.74,0.08,1.49,13.0,,,,,2093.320068359375
2015-08-05,2.28,0.73,0.08,1.55,12.51,,,,,2099.840087890625
2015-08-06,2.23,0.71,0.04,1.52,13.77,,,,,2083.56005859375
2015-08-07,2.18,0.73,0.06,1.45,13.39,,,,,2077.570068359375
2015-08-10,2.24,0.73,0.12,1.51,12.23,,,,,2104.179931640625
2015-08-11,2.15,0.68,0.1,1.47,13.71,,,,,2084.070068359375
2015-08-12,2.14,0.67,0.1,1.47,13.61,,,,,2086.050048828125
2015-08-13,2.19,0.72,0.1,1.47,13.49,,,,,2083.389892578125
2015-08-14,2.2,0.73,0.09,1.47,12.83,,,,,2091.5400390625
2015-08-17,2.16,0.72,0.1,1.44,13.02,,,,,2102.43994140625
2015-08-18,2.2,0.74,0.07,1.46,13.79,,,,,2096.919921875
2015-08-19,2.12,0.67,0.05,1.45,15.25,,,,,2079.610107421875
2015-08-20,2.09,0.69,0.02,1.4,19.14,,,,,2035.72998046875
2015-08-21,2.05,0.64,0.03,1.41,28.03,,,,,1970.8900146484375
2015-08-24,2.01,0.59,0.06,1.42,40.74,,,,,1893.2099609375
2015-08-25,2.12,0.67,0.07,1.45,36.02,,,,,1867.6099853515625
2015-08-26,2.18,0.67,0.06,1.51,30.32,,,,,1940.510009765625
2015-08-27,2.18,0.68,0.06,1.5,26.1,,,,,1987.6600341796875
2015-08-28,2.19,0.72,0.06,1.47,26.05,,,,,1988.8699951171875
2015-08-31,2.21,0.74,0.08,1.47,28.43,,,,,1972.1800537109375
2015-09-01,2.17,0.7,0.03,1.47,31.4,5.0,100.7547,142275.0,0.14,1913.8499755859375
2015-09-02,2.2,0.72,0.03,1.48,26.09,,,,,1948.8599853515625
2015-09-03,2.18,0.71,0.02,1.47,25.61,,,,,1951.1300048828125
2015-09-04,2.13,0.71,0.02,1.42,27.8,,,,,1921.219970703125
2015-09-07,,,,,,,,,,
2015-09-08,2.2,0.74,0.06,1.46,24.9,,,,,1969.4100341796875
2015-09-09,2.21,0.75,0.03,1.46,26.23,,,,,1942.0400390625
2015-09-10,2.23,0.75,0.02,1.48,24.37,,,,,1952.2900390625
2015-09-11,2.2,0.71,0.04,1.49,23.2,,,,,1961.050048828125
2015-09-14,2.18,0.73,0.07,1.45,24.25,,,,,1953.030029296875
2015-09-15,2.28,0.82,0.07,1.46,22.54,,,,,1978.0899658203125
2015-09-16,2.3,0.82,0.06,1.48,21.35,,,,,1995.31005859375
2015-09-17,2.21,0.7,0.01,1.51,21.14,,,,,1990.199951171875
2015-09-18,2.13,0.69,-0.01,1.44,22.28,,,,,1958.030029296875
2015-09-21,2.2,0.72,0.01,1.48,20.14,,,,,1966.969970703125
2015-09-22,2.14,0.69,-0.01,1.45,22.44,,,,,1942.739990234375
2015-09-23,2.16,0.7,0.01,1.46,22.13,,,,,1938.760009765625
2015-09-24,2.13,0.67,0.01,1.46,23.47,,,,,1932.239990234375
2015-09-25,2.17,0.7,-0.01,1.47,23.62,,,,,1931.3399658203125
2015-09-28,2.1,0.67,0.01,1.43,27.63,,,,,1881.77001953125
2015-09-29,2.05,0.64,0.01,1.41,26.83,,,,,1884.0899658203125
2015-09-30,2.06,0.64,-0.01,1.42,24.5,,,,,1920.030029296875
2015-10-01,2.05,0.64,-0.02,1.41,22.55,5.0,100.2675,142579.0,0.12,1923.8199462890625
2015-10-02,1.99,0.58,0.0,1.41,20.94,,,,,1951.3599853515625
2015-10-05,2.07,0.61,0.01,1.46,19.54,,,,,1987.050048828125
2015-10-06,2.05,0.61,0.0,1.44,19.4,,,,,1979.9200439453125
2015-10-07,2.08,0.65,0.0,1.43,18.4,,,,,1995.8299560546875
2015-10-08,2.12,0.65,-0.01,1.47,17.42,,,,,2013.4300537109375
2015-10-09,2.12,0.65,0.01,1.47,17.08,,,,,2014.8900146484375
2015-10-12,,,,,16.17,,,,,2017.4599609375
2015-10-13,2.06,0.64,0.01,1.42,17.67,,,,,2003.68994140625
2015-10-14,1.99,0.57,0.0,1.42,18.03,,,,,1994.239990234375
2015-10-15,2.04,0.61,0.01,1.43,16.05,,,,,2023.8599853515625
2015-10-16,2.04,0.61,0.01,1.43,15.05,,,,,2033.1099853515625
2015-10-19,2.04,0.61,0.02,1.43,14.98,,,,,2033.6600341796875
2015-10-20,2.08,0.66,0.02,1.42,15.75,,,,,2030.77001953125
2015-10-21,2.04,0.64,0.01,1.4,16.7,,,,,2018.93994140625
2015-10-22,2.04,0.61,0.0,1.43,14.45,,,,,2052.510009765625
2015-10-23,2.09,0.66,0.01,1.43,14.46,,,,,2075.14990234375
2015-10-26,2.07,0.66,0.02,1.41,15.29,,,,,2071.179931640625
2015-10-27,2.05,0.65,0.03,1.4,15.43,,,,,2065.889892578125
2015-10-28,2.1,0.73,0.04,1.37,14.33,,,,,2090.35009765625
2015-10-29,2.19,0.75,0.07,1.44,14.61,,,,,2089.409912109375
2015-10-30,2.16,0.75,0.08,1.41,15.07,,,,,2079.360107421875
2015-11-01,,,,,,5.1,99.5298,142808.0,0.12,
2015-11-02,2.2,0.77,0.08,1.43,14.15,,,,,2104.050048828125
2015-11-03,2.23,0.8,0.06,1.43,14.54,,,,,2109.7900390625
2015-11-04,2.25,0.84,0.05,1.41,15.51,,,,,2102.31005859375
2015-11-05,2.26,0.85,0.05,1.41,15.05,,,,,2099.929931640625
2015-11-06,2.34,0.9,0.08,1.44,14.33,,,,,2099.199951171875
2015-11-09,2.36,0.89,0.14,1.47,16.52,,,,,2078.580078125
2015-11-10,2.32,0.87,0.13,1.45,15.29,,,,,2081.719970703125
2015-11-11,,,,,16.06,,,,,2075.0
2015-11-12,2.32,0.89,0.14,1.43,18.37,,,,,2045.969970703125
2015-11-13,2.28,0.86,0.13,1.42,20.08,,,,,2023.0400390625
2015-11-16,2.27,0.88,0.15,1.39,18.16,,,,,2053.18994140625
2015-11-17,2.25,0.86,0.14,1.39,18.84,,,,,2050.43994140625
2015-11-18,2.27,0.9,0.12,1.37,16.85,,,,,2083.580078125
2015-11-19,2.24,0.91,0.11,1.33,16.99,,,,,2081.239990234375
2015-11-20,2.26,0.93,0.11,1.33,15.47,,,,,2089.169921875
2015-11-23,2.25,0.94,0.14,1.31,15.62,,,,,2086.590087890625
2015-11-24,2.24,0.93,0.16,1.31,15.93,,,,,2089.139892578125
2015-11-25,2.23,0.93,0.19,1.3,15.19,,,,,2088.8701171875
2015-11-26,,,,,,,,,,
2015-11-27,2.22,0.92,0.17,1.3,15.12,,,,,2090.110107421875
2015-11-30,2.21,0.94,0.22,1.27,16.13,,,,,2080.409912109375
2015-12-01,2.15,0.91,0.21,1.24,14.67,5.0,99.0417,143077.0,0.24,2102.6298828125
2015-12-02,2.18,0.94,0.21,1.24,15.91,,,,,2079.510009765625
2015-12-03,2.33,0.96,0.21,1.37,18.11,,,,,2049.6201171875
2015-12-04,2.28,0.96,0.22,1.32,14.81,,,,,2091.68994140625
2015-12-07,2.23,0.94,0.29,1.29,15.84,,,,,2077.070068359375
2015-12-08,2.24,0.94,0.27,1.3,17.6,,,,,2063.590087890625
2015-12-09,2.22,0.93,0.26,1.29,19.61,,,,,2047.6199951171875
2015-12-10,2.24,0.95,0.24,1.29,19.34,,,,,2052.22998046875
2015-12-11,2.13,0.88,0.22,1.25,24.39,,,,,2012.3699951171875
2015-12-14,2.23,0.97,0.26,1.26,22.73,,,,,2021.93994140625
2015-12-15,2.28,0.98,0.25,1.3,20.95,,,,,2043.4100341796875
2015-12-16,2.3,1.02,0.27,1.28,17.86,,,,,2073.070068359375
2015-12-17,2.24,1.0,0.23,1.24,18.94,,,,,2041.8900146484375
2015-12-18,2.19,0.97,0.19,1.22,20.7,,,,,2005.550048828125
2015-12-21,2.2,0.96,0.24,1.24,18.7,,,,,2021.1500244140625
2015-12-22,2.24,0.99,0.21,1.25,16.6,,,,,2038.969970703125
2015-12-23,2.27,1.01,0.2,1.26,15.57,,,,,2064.2900390625
2015-12-24,2.25,1.03,0.2,1.22,15.74,,,,,2060.989990234375
2015-12-25,,,,,,,,,,
2015-12-28,2.24,1.05,0.23,1.19,16.91,,,,,2056.5
2015-12-29,2.32,1.09,0.23,1.23,16.08,,,,,2078.360107421875
2015-12-30,2.31,1.08,0.21,1.23,17.29,,,,,2063.360107421875
2015-12-31,2.27,1.06,0.16,1.21,18.21,,,,,2043.93994140625
2016-01-01,,,,,,4.8,99.5607,143210.0,0.34,
2016-01-04,2.24,1.02,0.22,1.22,20.7,,,,,2012.6600341796875
2016-01-05,2.25,1.04,0.2,1.21,19.34,,,,,2016.7099609375
2016-01-06,2.18,0.99,0.21,1.19,20.59,,,,,1990.260009765625
2016-01-07,2.16,0.96,0.2,1.2,24.99,,,,,1943.0899658203125
2016-01-08,2.13,0.94,0.2,1.19,27.01,,,,,1922.030029296875
2016-01-11,2.17,0.94,0.21,1.23,24.3,,,,,1923.6700439453125
2016-01-12,2.12,0.93,0.21,1.19,22.47,,,,,1938.6800537109375
2016-01-13,2.08,0.91,0.22,1.17,25.22,,,,,1890.280029296875
2016-01-14,2.1,0.9,0.25,1.2,23.95,,,,,1921.8399658203125
2016-01-15,2.03,0.85,0.23,1.18,27.02,,,,,1880.3299560546875
2016-01-18,,,,,,,,,,
2016-01-19,2.06,0.88,0.26,1.18,26.05,,,,,1881.3299560546875
2016-01-20,2.01,0.85,0.26,1.16,27.59,,,,,1859.3299560546875
2016-01-21,2.02,0.84,0.28,1.18,26.69,,,,,1868.989990234375
2016-01-22,2.07,0.88,0.3,1.19,22.34,,,,,1906.9000244140625
2016-01-25,2.03,0.88,0.31,1.15,24.15,,,,,1877.0799560546875
2016-01-26,2.01,0.85,0.31,1.16,22.5,,,,,1903.6300048828125
2016-01-27,2.02,0.84,0.32,1.18,23.11,,,,,1882.949951171875
2016-01-28,2.0,0.83,0.34,1.17,22.42,,,,,1893.3599853515625
2016-01-29,1.94,0.76,0.32,1.18,20.2,,,,,1940.239990234375
2016-02-01,1.97,0.81,0.35,1.16,19.98,4.9,99.0445,143406.0,0.38,1939.3800048828125
2016-02-02,1.87,0.75,0.34,1.12,21.98,,,,,1903.030029296875
2016-02-03,1.88,0.72,0.33,1.16,21.65,,,,,1912.530029296875
2016-02-04,1.87,0.7,0.29,1.17,21.84,,,,,1915.449951171875
2016-02-05,1.86,0.74,0.29,1.12,23.38,,,,,1880.050048828125
2016-02-08,1.75,0.66,0.32,1.09,26.0,,,,,1853.43994140625
2016-02-09,1.74,0.69,0.3,1.05,26.54,,,,,1852.2099609375
2016-02-10,1.71,0.71,0.31,1.0,26.29,,,,,1851.8599853515625
2016-02-11,1.63,0.64,0.28,0.99,28.14,,,,,1829.0799560546875
2016-02-12,1.74,0.71,0.29,1.03,25.4,,,,,1864.780029296875
2016-02-15,,,,,,,,,,
2016-02-16,1.78,0.74,0.3,1.04,24.11,,,,,1895.5799560546875
2016-02-17,1.81,0.74,0.3,1.07,22.31,,,,,1926.8199462890625
2016-02-18,1.75,0.71,0.3,1.04,21.64,,,,,1917.8299560546875
2016-02-19,1.76,0.76,0.3,1.0,20.53,,,,,1917.780029296875
2016-02-22,1.77,0.78,0.33,0.99,19.38,,,,,1945.5
2016-02-23,1.74,0.76,0.32,0.98,20.98,,,,,1921.27001953125
2016-02-24,1.75,0.75,0.33,1.0,20.72,,,,,1929.800048828125
2016-02-25,1.71,0.72,0.32,0.99,19.11,,,,,1951.699951171875
2016-02-26,1.76,0.8,0.32,0.96,19.81,,,,,1948.050048828125
2016-02-29,1.74,0.78,0.33,0.96,20.55,,,,,1932.22998046875
2016-03-01,1.83,0.85,0.33,0.98,17.7,5.0,98.3096,143662.0,0.36,1978.3499755859375
2016-03-02,1.84,0.85,0.35,0.99,17.09,,,,,1986.449951171875
2016-03-03,1.83,0.85,0.27,0.98,16.7,,,,,1993.4000244140625
2016-03-04,1.88,0.88,0.28,1.0,16.86,,,,,1999.989990234375
2016-03-07,1.91,0.91,0.32,1.0,17.35,,,,,2001.760009765625
2016-03-08,1.83,0.88,0.29,0.95,18.67,,,,,1979.260009765625
2016-03-09,1.9,0.9,0.3,1.0,18.34,,,,,1989.260009765625
2016-03-10,1.93,0.93,0.31,1.0,18.05,,,,,1989.5699462890625
2016-03-11,1.98,0.97,0.32,1.01,16.5,,,,,2022.18994140625
2016-03-14,1.97,0.97,0.34,1.0,16.92,,,,,2019.6400146484375
2016-03-15,1.97,0.98,0.34,0.99,16.84,,,,,2015.9300537109375
2016-03-16,1.94,0.87,0.31,1.07,14.99,,,,,2027.219970703125
2016-03-17,1.91,0.87,0.29,1.04,14.44,,,,,2040.5899658203125
2016-03-18,1.88,0.84,0.29,1.04,14.02,,,,,2049.580078125
2016-03-21,1.92,0.87,0.31,1.05,13.79,,,,,2051.60009765625
2016-03-22,1.94,0.91,0.3,1.03,14.17,,,,,2049.800048828125
2016-03-23,1.88,0.87,0.3,1.01,14.94,,,,,2036.7099609375
2016-03-24,1.91,0.89,0.29,1.02,14.74,,,,,2035.93994140625
2016-03-25,,,,,,,,,,
2016-03-28,1.89,0.89,0.29,1.0,15.24,,,,,2037.050048828125
2016-03-29,1.81,0.78,0.23,1.03,13.82,,,,,2055.010009765625
2016-03-30,1.83,0.76,0.2,1.07,13.56,,,,,2063.949951171875
2016-03-31,1.78,0.73,0.21,1.05,13.95,,,,,2059.739990234375
2016-04-01,1.79,0.76,0.23,1.03,13.1,5.1,98.6421,143854.0,0.37,2072.780029296875
2016-04-04,1.78,0.75,0.23,1.03,14.12,,,,,2066.1298828125
2016-04-05,1.73,0.72,0.23,1.01,15.42,,,,,2045.1700439453125
2016-04-06,1.76,0.73,0.23,1.03,14.09,,,,,2066.659912109375
2016-04-07,1.7,0.7,0.23,1.0,16.16,,,,,2041.9100341796875
2016-04-08,1.72,0.7,0.23,1.02,15.36,,,,,2047.5999755859375
2016-04-11,1.73,0.7,0.23,1.03,16.26,,,,,2041.989990234375
2016-04-12,1.79,0.74,0.22,1.05,14.85,,,,,2061.719970703125
2016-04-13,1.77,0.75,0.23,1.02,13.84,,,,,2082.419921875
2016-04-14,1.8,0.77,0.22,1.03,13.72,,,,,2082.780029296875
2016-04-15,1.76,0.74,0.22,1.02,13.62,,,,,2080.72998046875
2016-04-18,1.78,0.75,0.22,1.03,13.35,,,,,2094.340087890625
2016-04-19,1.79,0.77,0.21,1.02,13.24,,,,,2100.800048828125
2016-04-20,1.85,0.8,0.23,1.05,13.28,,,,,2102.39990234375
2016-04-21,1.88,0.82,0.23,1.06,13.95,,,,,2091.47998046875
2016-04-22,1.89,0.84,0.23,1.05,13.22,,,,,2091.580078125
2016-04-25,1.91,0.85,0.25,1.06,14.08,,,,,2087.7900390625
2016-04-26,1.94,0.86,0.24,1.08,13.96,,,,,2091.699951171875
2016-04-27,1.87,0.83,0.24,1.04,13.77,,,,,2095.14990234375
2016-04-28,1.84,0.78,0.22,1.06,15.22,,,,,2075.81005859375
2016-04-29,1.83,0.77,0.22,1.06,15.7,,,,,2065.300048828125
2016-05-01,,,,,,4.8,98.4184,143900.0,0.37,
2016-05-02,1.88,0.8,0.22,1.08,14.68,,,,,2081.429931640625
2016-05-03,1.81,0.75,0.21,1.06,15.6,,,,,2063.3701171875
2016-05-04,1.79,0.75,0.19,1.04,16.05,,,,,2051.1201171875
2016-05-05,1.76,0.72,0.2,1.04,15.91,,,,,2050.6298828125
2016-05-06,1.79,0.74,0.19,1.05,14.72,,,,,2057.139892578125
2016-05-09,1.77,0.72,0.24,1.05,14.57,,,,,2058.68994140625
2016-05-10,1.77,0.72,0.24,1.05,13.63,,,,,2084.389892578125
2016-05-11,1.73,0.74,0.26,0.99,14.69,,,,,2064.4599609375
2016-05-12,1.75,0.76,0.27,0.99,14.41,,,,,2064.110107421875
2016-05-13,1.71,0.76,0.28,0.95,15.04,,,,,2046.6099853515625
2016-05-16,1.75,0.79,0.28,0.96,14.68,,,,,2066.659912109375
2016-05-17,1.76,0.82,0.28,0.94,15.57,,,,,2047.2099609375
2016-05-18,1.87,0.9,0.3,0.97,15.95,,,,,2047.6300048828125
2016-05-19,1.85,0.89,0.3,0.96,16.33,,,,,2040.0400390625
2016-05-20,1.85,0.89,0.32,0.96,15.2,,,,,2052.320068359375
2016-05-23,1.84,0.91,0.35,0.93,15.82,,,,,2048.0400390625
2016-05-24,1.86,0.92,0.35,0.94,14.42,,,,,2076.06005859375
2016-05-25,1.87,0.92,0.33,0.95,13.9,,,,,2090.5400390625
2016-05-26,1.83,0.87,0.3,0.96,13.43,,,,,2090.10009765625
2016-05-27,1.85,0.9,0.31,0.95,13.12,,,,,2099.06005859375
2016-05-30,,,,,,,,,,
2016-05-31,1.84,0.87,0.34,0.97,14.19,,,,,2096.949951171875
2016-06-01,1.85,0.91,0.3,0.94,14.2,4.9,98.8833,144147.0,0.38,2099.330078125
2016-06-02,1.81,0.89,0.28,0.92,13.63,,,,,2105.260009765625
2016-06-03,1.71,0.78,0.29,0.93,13.47,,,,,2099.1298828125
2016-06-06,1.73,0.8,0.28,0.93,13.65,,,,,2109.409912109375
2016-06-07,1.72,0.78,0.28,0.94,14.05,,,,,2112.1298828125
2016-06-08,1.71,0.78,0.24,0.93,14.08,,,,,2119.1201171875
2016-06-09,1.68,0.77,0.25,0.91,14.64,,,,,2115.47998046875
2016-06-10,1.64,0.73,0.25,0.91,17.03,,,,,2096.070068359375
2016-06-13,1.62,0.73,0.27,0.89,20.97,,,,,2079.06005859375
2016-06-14,1.62,0.74,0.27,0.88,20.5,,,,,2075.320068359375
2016-06-15,1.6,0.69,0.26,0.91,20.14,,,,,2071.5
2016-06-16,1.57,0.7,0.27,0.87,19.37,,,,,2077.989990234375
2016-06-17,1.62,0.7,0.26,0.92,19.41,,,,,2071.219970703125
2016-06-20,1.67,0.74,0.28,0.93,18.37,,,,,2083.25
2016-06-21,1.71,0.76,0.27,0.95,18.48,,,,,2088.89990234375
2016-06-22,1.69,0.75,0.27,0.94,21.17,,,,,2085.449951171875
2016-06-23,1.74,0.78,0.3,0.96,17.25,,,,,2113.320068359375
2016-06-24,1.57,0.64,0.26,0.93,25.76,,,,,2037.4100341796875
2016-06-27,1.46,0.61,0.27,0.85,23.85,,,,,2000.5400390625
2016-06-28,1.46,0.61,0.26,0.85,18.75,,,,,2036.0899658203125
2016-06-29,1.5,0.62,0.26,0.88,16.64,,,,,2070.77001953125
2016-06-30,1.49,0.58,0.26,0.91,15.63,,,,,2098.860107421875
2016-07-01,1.46,0.59,0.27,0.87,14.77,4.8,98.9992,144520.0,0.39,2102.949951171875
2016-07-04,,,,,,,,,,
2016-07-05,1.37,0.56,0.28,0.81,15.58,,,,,2088.550048828125
2016-07-06,1.38,0.58,0.27,0.8,14.96,,,,,2099.72998046875
2016-07-07,1.4,0.58,0.29,0.82,14.76,,,,,2097.89990234375
2016-07-08,1.37,0.61,0.27,0.76,13.2,,,,,2129.89990234375
2016-07-11,1.43,0.66,0.31,0.77,13.54,,,,,2137.159912109375
2016-07-12,1.53,0.69,0.29,0.84,13.55,,,,,2152.139892578125
2016-07-13,1.48,0.68,0.31,0.8,13.04,,,,,2152.429931640625
2016-07-14,1.53,0.68,0.31,0.85,12.82,,,,,2163.75
2016-07-15,1.6,0.71,0.31,0.89,12.67,,,,,2161.739990234375
2016-07-18,1.59,0.68,0.32,0.91,12.44,,,,,2166.889892578125
2016-07-19,1.56,0.7,0.31,0.86,11.97,,,,,2163.780029296875
2016-07-20,1.59,0.73,0.32,0.86,11.77,,,,,2173.02001953125
2016-07-21,1.57,0.7,0.31,0.87,12.74,,,,,2165.169921875
2016-07-22,1.57,0.71,0.32,0.86,12.02,,,,,2175.030029296875
2016-07-25,1.58,0.72,0.32,0.86,12.87,,,,,2168.47998046875
2016-07-26,1.57,0.75,0.31,0.82,13.05,,,,,2169.179931640625
2016-07-27,1.52,0.73,0.31,0.79,12.83,,,,,2166.580078125
2016-07-28,1.52,0.72,0.25,0.8,12.72,,,,,2170.06005859375
2016-07-29,1.46,0.67,0.27,0.79,11.87,,,,,2173.60009765625
2016-08-01,1.51,0.67,0.29,0.84,12.44,4.9,98.85,144661.0,0.4,2170.840087890625
2016-08-02,1.55,0.67,0.29,0.88,13.37,,,,,2157.030029296875
2016-08-03,1.55,0.67,0.28,0.88,12.86,,,,,2163.7900390625
2016-08-04,1.51,0.64,0.26,0.87,12.42,,,,,2164.25
2016-08-05,1.59,0.72,0.27,0.87,11.39,,,,,2182.8701171875
2016-08-08,1.59,0.74,0.31,0.85,11.5,,,,,2180.889892578125
2016-08-09,1.55,0.71,0.29,0.84,11.66,,,,,2181.739990234375
2016-08-10,1.5,0.69,0.28,0.81,12.05,,,,,2175.489990234375
2016-08-11,1.57,0.76,0.28,0.81,11.68,,,,,2185.7900390625
2016-08-12,1.51,0.71,0.28,0.8,11.55,,,,,2184.050048828125
2016-08-15,1.55,0.72,0.31,0.83,11.81,,,,,2190.14990234375
2016-08-16,1.57,0.76,0.27,0.81,12.64,,,,,2178.14990234375
2016-08-17,1.56,0.74,0.3,0.82,12.19,,,,,2182.219970703125
2016-08-18,1.53,0.71,0.29,0.82,11.43,,,,,2187.02001953125
2016-08-19,1.58,0.76,0.29,0.82,11.34,,,,,2183.8701171875
2016-08-22,1.55,0.76,0.29,0.79,12.27,,,,,2182.639892578125
2016-08-23,1.55,0.74,0.3,0.81,12.38,,,,,2186.89990234375
2016-08-24,1.56,0.76,0.31,0.8,13.45,,,,,2175.43994140625
2016-08-25,1.58,0.78,0.33,0.8,13.63,,,,,2172.469970703125
2016-08-26,1.62,0.84,0.33,0.78,13.65,,,,,2169.0400390625
2016-08-29,1.57,0.81,0.33,0.76,12.94,,,,,2180.3798828125
2016-08-30,1.57,0.8,0.33,0.77,13.12,,,,,2176.1201171875
2016-08-31,1.58,0.8,0.33,0.78,13.42,,,,,2170.949951171875
2016-09-01,1.57,0.78,0.33,0.79,13.48,5.0,98.7457,144967.0,0.4,2170.860107421875
2016-09-02,1.6,0.8,0.32,0.8,11.98,,,,,2179.97998046875
2016-09-05,,,,,,,,,,
2016-09-06,1.55,0.74,0.32,0.81,12.02,,,,,2186.47998046875
2016-09-07,1.54,0.74,0.34,0.8,11.94,,,,,2186.159912109375
2016-09-08,1.61,0.78,0.34,0.83,12.51,,,,,2181.300048828125
2016-09-09,1.67,0.79,0.34,0.88,17.5,,,,,2127.81005859375
2016-09-12,1.68,0.79,0.37,0.89,15.16,,,,,2159.0400390625
2016-09-13,1.73,0.8,0.36,0.93,17.85,,,,,2127.02001953125
2016-09-14,1.7,0.77,0.33,0.93,18.14,,,,,2125.77001953125
2016-09-15,1.71,0.74,0.29,0.97,16.3,,,,,2147.260009765625
2016-09-16,1.7,0.77,0.29,0.93,15.37,,,,,2139.159912109375
2016-09-19,1.7,0.79,0.3,0.91,15.53,,,,,2139.1201171875
2016-09-20,1.69,0.79,0.3,0.9,15.92,,,,,2139.760009765625
2016-09-21,1.66,0.79,0.22,0.87,13.3,,,,,2163.1201171875
2016-09-22,1.63,0.79,0.18,0.84,12.02,,,,,2177.179931640625
2016-09-23,1.62,0.77,0.18,0.85,12.29,,,,,2164.68994140625
2016-09-26,1.59,0.76,0.25,0.83,14.5,,,,,2146.10009765625
2016-09-27,1.56,0.75,0.26,0.81,13.1,,,,,2159.929931640625
2016-09-28,1.57,0.75,0.27,0.82,12.39,,,,,2171.3701171875
2016-09-29,1.56,0.73,0.26,0.83,14.02,,,,,2151.1298828125
2016-09-30,1.6,0.77,0.28,0.83,13.29,,,,,2168.27001953125
2016-10-01,,,,,,4.9,98.7611,145065.0,0.4,
2016-10-03,1.63,0.8,0.32,0.83,13.57,,,,,2161.199951171875
2016-10-04,1.69,0.82,0.33,0.87,13.63,,,,,2150.489990234375
2016-10-05,1.72,0.85,0.32,0.87,12.99,,,,,2159.72998046875
2016-10-06,1.75,0.86,0.32,0.89,12.84,,,,,2160.77001953125
2016-10-07,1.73,0.83,0.32,0.9,13.48,,,,,2153.739990234375
2016-10-10,,,,,13.38,,,,,2163.659912109375
2016-10-11,1.77,0.87,0.35,0.9,15.36,,,,,2136.72998046875
2016-10-12,1.79,0.87,0.36,0.92,15.91,,,,,2139.179931640625
2016-10-13,1.75,0.85,0.29,0.9,16.69,,,,,2132.550048828125
2016-10-14,1.8,0.84,0.31,0.96,16.12,,,,,2132.97998046875
2016-10-17,1.77,0.81,0.34,0.96,16.21,,,,,2126.5
2016-10-18,1.75,0.82,0.34,0.93,15.28,,,,,2139.60009765625
2016-10-19,1.76,0.81,0.34,0.95,14.41,,,,,2144.2900390625
2016-10-20,1.76,0.84,0.34,0.92,13.75,,,,,2141.340087890625
2016-10-21,1.74,0.84,0.33,0.9,13.34,,,,,2141.159912109375
2016-10-24,1.77,0.84,0.33,0.93,13.02,,,,,2151.330078125
2016-10-25,1.77,0.86,0.34,0.91,13.46,,,,,2143.159912109375
2016-10-26,1.79,0.86,0.33,0.93,14.24,,,,,2139.429931640625
2016-10-27,1.85,0.87,0.29,0.98,15.36,,,,,2133.0400390625
2016-10-28,1.86,0.86,0.29,1.0,16.19,,,,,2126.409912109375
2016-10-31,1.84,0.86,0.34,0.98,17.06,,,,,2126.14990234375
2016-11-01,1.83,0.83,0.35,1.0,18.56,4.7,98.3491,145183.0,0.41,2111.719970703125
2016-11-02,1.81,0.81,0.36,1.0,19.32,,,,,2097.93994140625
2016-11-03,1.82,0.81,0.37,1.01,22.08,,,,,2088.659912109375
2016-11-04,1.79,0.8,0.37,0.99,22.51,,,,,2085.179931640625
2016-11-07,1.83,0.82,0.41,1.01,18.71,,,,,2131.52001953125
2016-11-08,1.88,0.87,0.43,1.01,18.74,,,,,2139.56005859375
2016-11-09,2.07,0.9,0.44,1.17,14.38,,,,,2163.260009765625
2016-11-10,2.15,0.92,0.47,1.23,14.74,,,,,2167.47998046875
2016-11-11,,,,,14.17,,,,,2164.449951171875
2016-11-14,2.23,1.0,0.54,1.23,14.48,,,,,2164.199951171875
2016-11-15,2.23,1.02,0.5,1.21,13.37,,,,,2180.389892578125
2016-11-16,2.22,1.0,0.46,1.22,13.72,,,,,2176.93994140625
2016-11-17,2.29,1.04,0.43,1.25,13.35,,,,,2187.1201171875
2016-11-18,2.34,1.07,0.43,1.27,12.85,,,,,2181.89990234375
2016-11-21,2.33,1.08,0.46,1.25,12.42,,,,,2198.179931640625
2016-11-22,2.31,1.07,0.48,1.24,12.41,,,,,2202.93994140625
2016-11-23,2.36,1.12,0.5,1.24,12.43,,,,,2204.719970703125
2016-11-24,,,,,,,,,,
2016-11-25,2.36,1.12,0.48,1.24,12.34,,,,,2213.35009765625
2016-11-28,2.32,1.11,0.48,1.21,13.15,,,,,2201.719970703125
2016-11-29,2.3,1.09,0.48,1.21,12.9,,,,,2204.659912109375
2016-11-30,2.37,1.11,0.48,1.26,13.33,,,,,2198.81005859375
2016-12-01,2.45,1.14,0.47,1.31,14.07,4.7,99.0214,145408.0,0.54,2191.080078125
2016-12-02,2.4,1.11,0.48,1.29,14.12,,,,,2191.949951171875
2016-12-05,2.39,1.13,0.49,1.26,12.14,,,,,2204.7099609375
2016-12-06,2.39,1.12,0.49,1.27,11.79,,,,,2212.22998046875
2016-12-07,2.34,1.1,0.51,1.24,12.22,,,,,2241.35009765625
2016-12-08,2.4,1.12,0.5,1.28,12.64,,,,,2246.18994140625
2016-12-09,2.47,1.15,0.53,1.32,11.75,,,,,2259.530029296875
2016-12-12,2.49,1.15,0.51,1.34,12.64,,,,,2256.9599609375
2016-12-13,2.48,1.17,0.54,1.31,12.72,,,,,2271.719970703125
2016-12-14,2.54,1.27,0.54,1.27,13.19,,,,,2253.280029296875
2016-12-15,2.6,1.29,0.5,1.31,12.79,,,,,2262.030029296875
2016-12-16,2.6,1.28,0.5,1.32,12.2,,,,,2258.070068359375
2016-12-19,2.54,1.24,0.52,1.3,11.71,,,,,2262.530029296875
2016-12-20,2.57,1.25,0.52,1.32,11.45,,,,,2270.760009765625
2016-12-21,2.55,1.21,0.51,1.34,11.27,,,,,2265.179931640625
2016-12-22,2.55,1.22,0.5,1.33,11.43,,,,,2260.9599609375
2016-12-23,2.55,1.22,0.51,1.33,11.44,,,,,2263.7900390625
2016-12-26,,,,,,,,,,
2016-12-27,2.57,1.28,0.51,1.29,11.99,,,,,2268.8798828125
2016-12-28,2.51,1.26,0.52,1.25,12.95,,,,,2249.919921875
2016-12-29,2.49,1.22,0.46,1.27,13.37,,,,,2249.260009765625
2016-12-30,2.45,1.2,0.5,1.25,14.04,,,,,2238.830078125
2017-01-01,,,,,,4.7,98.7611,145628.0,0.65,
2017-01-02,,,,,,,,,,
2017-01-03,2.45,1.22,0.53,1.23,12.85,,,,,2257.830078125
2017-01-04,2.46,1.24,0.52,1.22,11.85,,,,,2270.75
2017-01-05,2.37,1.17,0.51,1.2,11.67,,,,,2269.0
2017-01-06,2.42,1.22,0.52,1.2,11.32,,,,,2276.97998046875
2017-01-09,2.38,1.21,0.5,1.17,11.56,,,,,2268.89990234375
2017-01-10,2.38,1.19,0.51,1.19,11.49,,,,,2268.89990234375
2017-01-11,2.38,1.2,0.51,1.18,11.26,,,,,2275.320068359375
2017-01-12,2.36,1.18,0.51,1.18,11.54,,,,,2270.43994140625
2017-01-13,2.4,1.21,0.52,1.19,11.23,,,,,2274.639892578125
2017-01-16,,,,,,,,,,
2017-01-17,2.33,1.17,0.54,1.16,11.87,,,,,2267.889892578125
2017-01-18,2.42,1.23,0.52,1.19,12.48,,,,,2271.889892578125
2017-01-19,2.47,1.25,0.51,1.22,12.78,,,,,2263.68994140625
2017-01-20,2.48,1.2,0.49,1.28,11.54,,,,,2271.31005859375
2017-01-23,2.41,1.16,0.51,1.25,11.77,,,,,2265.199951171875
2017-01-24,2.47,1.21,0.5,1.26,11.07,,,,,2280.070068359375
2017-01-25,2.53,1.23,0.49,1.3,10.81,,,,,2298.3701171875
2017-01-26,2.51,1.21,0.5,1.3,10.63,,,,,2296.679931640625
2017-01-27,2.49,1.22,0.51,1.27,10.58,,,,,2294.68994140625
2017-01-30,2.49,1.22,0.51,1.27,11.88,,,,,2280.89990234375
2017-01-31,2.45,1.19,0.52,1.26,11.99,,,,,2278.8701171875
2017-02-01,2.48,1.22,0.5,1.26,11.81,4.6,98.3646,145846.0,0.66,2279.550048828125
2017-02-02,2.48,1.21,0.51,1.27,11.93,,,,,2280.85009765625
2017-02-03,2.49,1.21,0.5,1.28,10.97,,,,,2297.419921875
2017-02-06,2.42,1.16,0.53,1.26,11.37,,,,,2292.56005859375
2017-02-07,2.4,1.16,0.53,1.24,11.29,,,,,2293.080078125
2017-02-08,2.34,1.15,0.53,1.19,11.45,,,,,2294.669921875
2017-02-09,2.4,1.2,0.53,1.2,10.88,,,,,2307.8701171875
2017-02-10,2.41,1.2,0.54,1.21,10.85,,,,,2316.10009765625
2017-02-13,2.43,1.2,0.52,1.23,11.07,,,,,2328.25
2017-02-14,2.47,1.25,0.54,1.22,10.74,,,,,2337.580078125
2017-02-15,2.51,1.27,0.53,1.24,11.97,,,,,2349.25
2017-02-16,2.45,1.22,0.52,1.23,11.76,,,,,2347.219970703125
2017-02-17,2.42,1.21,0.52,1.21,11.49,,,,,2351.159912109375
2017-02-20,,,,,,,,,,
2017-02-21,2.43,1.22,0.53,1.21,11.57,,,,,2365.3798828125
2017-02-22,2.42,1.22,0.52,1.2,11.74,,,,,2362.820068359375
2017-02-23,2.38,1.18,0.51,1.2,11.71,,,,,2363.81005859375
2017-02-24,2.31,1.12,0.51,1.19,11.47,,,,,2367.340087890625
2017-02-27,2.36,1.2,0.5,1.16,12.09,,,,,2369.75
2017-02-28,2.36,1.22,0.53,1.14,12.92,,,,,2363.639892578125
2017-03-01,2.46,1.29,0.62,1.17,12.54,4.4,99.0137,145970.0,0.79,2395.9599609375
2017-03-02,2.49,1.32,0.66,1.17,11.81,,,,,2381.919921875
2017-03-03,2.49,1.32,0.7,1.17,10.96,,,,,2383.1201171875
2017-03-06,2.49,1.31,0.73,1.18,11.24,,,,,2375.31005859375
2017-03-07,2.52,1.32,0.75,1.2,11.45,,,,,2368.389892578125
2017-03-08,2.57,1.36,0.72,1.21,11.86,,,,,2362.97998046875
2017-03-09,2.6,1.37,0.72,1.23,12.3,,,,,2364.8701171875
2017-03-10,2.58,1.36,0.73,1.22,11.66,,,,,2372.60009765625
2017-03-13,2.62,1.4,0.78,1.22,11.35,,,,,2373.469970703125
2017-03-14,2.6,1.4,0.77,1.2,12.3,,,,,2365.449951171875
2017-03-15,2.51,1.33,0.72,1.18,11.63,,,,,2385.260009765625
2017-03-16,2.53,1.35,0.72,1.18,11.21,,,,,2381.3798828125
2017-03-17,2.5,1.33,0.72,1.17,11.28,,,,,2378.25
2017-03-20,2.47,1.3,0.75,1.17,11.34,,,,,2373.469970703125
2017-03-21,2.43,1.27,0.76,1.16,12.47,,,,,2344.02001953125
2017-03-22,2.4,1.27,0.76,1.13,12.81,,,,,2348.449951171875
2017-03-23,2.41,1.26,0.75,1.15,13.12,,,,,2345.9599609375
2017-03-24,2.4,1.26,0.77,1.14,12.96,,,,,2343.97998046875
2017-03-27,2.38,1.27,0.77,1.11,12.5,,,,,2341.590087890625
2017-03-28,2.42,1.3,0.77,1.12,11.53,,,,,2358.570068359375
2017-03-29,2.39,1.26,0.77,1.13,11.42,,,,,2361.1298828125
2017-03-30,2.42,1.28,0.77,1.14,11.54,,,,,2368.06005859375
2017-03-31,2.4,1.27,0.75,1.13,12.37,,,,,2362.719970703125
2017-04-01,,,,,,4.4,100.0224,146175.0,0.9,
2017-04-03,2.35,1.24,0.78,1.11,12.38,,,,,2358.840087890625
2017-04-04,2.36,1.25,0.78,1.11,11.79,,,,,2360.159912109375
2017-04-05,2.34,1.24,0.79,1.1,12.89,,,,,2352.949951171875
2017-04-06,2.34,1.24,0.78,1.1,12.39,,,,,2357.489990234375
2017-04-07,2.38,1.29,0.81,1.09,12.87,,,,,2355.5400390625
2017-04-10,2.37,1.29,0.81,1.08,14.05,,,,,2357.159912109375
2017-04-11,2.32,1.24,0.81,1.08,15.07,,,,,2353.780029296875
2017-04-12,2.28,1.24,0.8,1.04,15.77,,,,,2344.929931640625
2017-04-13,2.24,1.21,0.8,1.03,15.96,,,,,2328.949951171875
2017-04-14,,,,,,,,,,
2017-04-17,2.26,1.21,0.82,1.05,14.66,,,,,2349.010009765625
2017-04-18,2.18,1.18,0.81,1.0,14.42,,,,,2342.18994140625
2017-04-19,2.21,1.19,0.8,1.02,14.93,,,,,2338.169921875
2017-04-20,2.24,1.21,0.78,1.03,14.15,,,,,2355.840087890625
2017-04-21,2.24,1.2,0.78,1.04,14.63,,,,,2348.68994140625
2017-04-24,2.28,1.25,0.8,1.03,10.84,,,,,2374.14990234375
2017-04-25,2.35,1.29,0.81,1.06,10.76,,,,,2388.610107421875
2017-04-26,2.32,1.28,0.82,1.04,10.85,,,,,2387.449951171875
2017-04-27,2.3,1.25,0.8,1.05,10.36,,,,,2388.77001953125
2017-04-28,2.29,1.28,0.79,1.01,10.82,,,,,2384.199951171875
2017-05-01,2.33,1.28,0.82,1.05,10.11,4.4,100.1408,146380.0,0.91,2388.330078125
2017-05-02,2.29,1.27,0.81,1.02,10.59,,,,,2391.169921875
2017-05-03,2.33,1.3,0.84,1.03,10.68,,,,,2388.1298828125
2017-05-04,2.36,1.32,0.84,1.04,10.46,,,,,2389.52001953125
2017-05-05,2.36,1.32,0.88,1.04,10.57,,,,,2399.2900390625
2017-05-08,2.39,1.33,0.9,1.06,9.77,,,,,2399.3798828125
2017-05-09,2.42,1.37,0.9,1.05,9.96,,,,,2396.919921875
2017-05-10,2.41,1.35,0.89,1.06,10.21,,,,,2399.6298828125
2017-05-11,2.39,1.35,0.87,1.04,10.6,,,,,2394.43994140625
2017-05-12,2.33,1.29,0.86,1.04,10.4,,,,,2390.89990234375
2017-05-15,2.34,1.31,0.89,1.03,10.42,,,,,2402.320068359375
2017-05-16,2.33,1.29,0.89,1.04,10.65,,,,,2400.669921875
2017-05-17,2.22,1.26,0.89,0.96,15.59,,,,,2357.030029296875
2017-05-18,2.23,1.27,0.91,0.96,14.66,,,,,2365.719970703125
2017-05-19,2.23,1.28,0.9,0.95,12.04,,,,,2381.72998046875
2017-05-22,2.25,1.29,0.92,0.96,10.93,,,,,2394.02001953125
2017-05-23,2.29,1.31,0.91,0.98,10.72,,,,,2398.419921875
2017-05-24,2.26,1.29,0.92,0.97,10.02,,,,,2404.389892578125
2017-05-25,2.25,1.3,0.92,0.95,9.99,,,,,2415.070068359375
2017-05-26,2.25,1.3,0.92,0.95,9.81,,,,,2415.820068359375
2017-05-29,,,,,,,,,,
2017-05-30,2.21,1.28,0.92,0.93,10.38,,,,,2412.909912109375
2017-05-31,2.21,1.28,0.96,0.93,10.41,,,,,2411.800048828125
2017-06-01,2.21,1.28,0.96,0.93,9.89,4.3,100.3471,146583.0,1.04,2430.06005859375
2017-06-02,2.15,1.28,0.96,0.87,9.75,,,,,2439.070068359375
2017-06-05,2.18,1.32,0.95,0.86,10.07,,,,,2436.10009765625
2017-06-06,2.14,1.3,0.96,0.84,10.45,,,,,2429.330078125
2017-06-07,2.18,1.32,0.98,0.86,10.39,,,,,2433.139892578125
2017-06-08,2.19,1.33,0.99,0.86,10.16,,,,,2433.7900390625
2017-06-09,2.21,1.35,0.99,0.86,10.7,,,,,2431.77001953125
2017-06-12,2.21,1.35,0.97,0.86,11.46,,,,,2429.389892578125
2017-06-13,2.21,1.38,0.99,0.83,10.42,,,,,2440.35009765625
2017-06-14,2.15,1.35,0.99,0.8,10.64,,,,,2437.919921875
2017-06-15,2.16,1.35,1.0,0.81,10.9,,,,,2432.4599609375
2017-06-16,2.16,1.32,1.01,0.84,10.38,,,,,2433.14990234375
2017-06-19,2.19,1.36,1.01,0.83,10.37,,,,,2453.4599609375
2017-06-20,2.16,1.36,1.0,0.8,10.86,,,,,2437.030029296875
2017-06-21,2.16,1.36,0.97,0.8,10.75,,,,,2435.610107421875
2017-06-22,2.15,1.34,0.94,0.81,10.48,,,,,2434.5
2017-06-23,2.15,1.34,0.95,0.81,10.02,,,,,2438.300048828125
2017-06-26,2.14,1.36,0.98,0.78,9.9,,,,,2439.070068359375
2017-06-27,2.21,1.38,0.99,0.83,11.06,,,,,2419.3798828125
2017-06-28,2.22,1.34,1.0,0.88,10.03,,,,,2440.68994140625
2017-06-29,2.27,1.38,1.02,0.89,11.44,,,,,2419.699951171875
2017-06-30,2.31,1.38,1.01,0.93,11.18,,,,,2423.409912109375
2017-07-01,,,,,,4.3,100.1068,146772.0,1.15,
2017-07-03,2.35,1.41,1.04,0.94,11.22,,,,,2429.010009765625
2017-07-04,,,,,,,,,,
2017-07-05,2.33,1.41,1.03,0.92,11.07,,,,,2432.5400390625
2017-07-06,2.37,1.4,1.02,0.97,12.54,,,,,2409.75
2017-07-07,2.39,1.4,1.03,0.99,11.19,,,,,2425.179931640625
2017-07-10,2.38,1.4,1.03,0.98,11.11,,,,,2427.429931640625
2017-07-11,2.37,1.37,1.03,1.0,10.89,,,,,2425.530029296875
2017-07-12,2.33,1.35,1.03,0.98,10.3,,,,,2443.25
2017-07-13,2.35,1.37,1.03,0.98,9.9,,,,,2447.830078125
2017-07-14,2.33,1.35,1.02,0.98,9.51,,,,,2459.27001953125
2017-07-17,2.31,1.36,1.05,0.95,9.82,,,,,2459.139892578125
2017-07-18,2.27,1.36,1.05,0.91,9.89,,,,,2460.610107421875
2017-07-19,2.27,1.37,1.09,0.9,9.79,,,,,2473.830078125
2017-07-20,2.27,1.37,1.13,0.9,9.58,,,,,2473.449951171875
2017-07-21,2.24,1.36,1.14,0.88,9.36,,,,,2472.5400390625
2017-07-24,2.26,1.37,1.15,0.89,9.43,,,,,2469.909912109375
2017-07-25,2.33,1.4,1.16,0.93,9.43,,,,,2477.1298828125
2017-07-26,2.29,1.36,1.11,0.93,9.6,,,,,2477.830078125
2017-07-27,2.32,1.36,1.09,0.96,10.11,,,,,2475.419921875
2017-07-28,2.3,1.34,1.06,0.96,10.29,,,,,2472.10009765625
2017-07-31,2.3,1.34,1.05,0.96,10.26,,,,,2470.300048828125
2017-08-01,2.26,1.34,1.06,0.92,10.09,4.4,99.6925,146919.0,1.16,2476.35009765625
2017-08-02,2.27,1.36,1.06,0.91,10.28,,,,,2477.570068359375
2017-08-03,2.24,1.34,1.06,0.9,10.44,,,,,2472.159912109375
2017-08-04,2.27,1.36,1.06,0.91,10.03,,,,,2476.830078125
2017-08-07,2.26,1.36,1.01,0.9,9.93,,,,,2480.909912109375
2017-08-08,2.29,1.36,1.04,0.93,10.96,,,,,2474.919921875
2017-08-09,2.24,1.33,1.04,0.91,11.11,,,,,2474.02001953125
2017-08-10,2.2,1.33,1.03,0.87,16.04,,,,,2438.2099609375
2017-08-11,2.19,1.3,1.01,0.89,15.51,,,,,2441.320068359375
2017-08-14,2.22,1.33,1.01,0.89,12.33,,,,,2465.840087890625
2017-08-15,2.27,1.35,1.02,0.92,12.04,,,,,2464.610107421875
2017-08-16,2.23,1.33,1.0,0.9,11.74,,,,,2468.110107421875
2017-08-17,2.19,1.32,0.98,0.87,15.55,,,,,2430.010009765625
2017-08-18,2.19,1.33,1.0,0.86,14.26,,,,,2425.550048828125
2017-08-21,2.18,1.32,0.99,0.86,13.19,,,,,2428.3701171875
2017-08-22,2.22,1.33,0.99,0.89,11.35,,,,,2452.510009765625
2017-08-23,2.17,1.32,0.98,0.85,12.25,,,,,2444.0400390625
2017-08-24,2.19,1.33,1.0,0.86,12.23,,,,,2438.969970703125
2017-08-25,2.17,1.35,1.01,0.82,11.28,,,,,2443.050048828125
2017-08-28,2.16,1.33,0.97,0.83,11.32,,,,,2444.239990234375
2017-08-29,2.13,1.33,1.01,0.8,11.7,,,,,2446.300048828125
2017-08-30,2.15,1.33,1.01,0.82,11.22,,,,,2457.590087890625
2017-08-31,2.12,1.33,0.99,0.79,10.59,,,,,2471.64990234375
2017-09-01,2.16,1.35,1.0,0.81,10.13,4.3,99.7954,147008.0,1.15,2476.550048828125
2017-09-04,,,,,,,,,,
2017-09-05,2.07,1.3,1.01,0.77,12.23,,,,,2457.85009765625
2017-09-06,2.1,1.3,1.05,0.8,11.63,,,,,2465.5400390625
2017-09-07,2.05,1.27,1.03,0.78,11.55,,,,,2465.10009765625
2017-09-08,2.06,1.27,1.02,0.79,12.12,,,,,2461.429931640625
2017-09-11,2.14,1.32,1.04,0.82,10.73,,,,,2488.110107421875
2017-09-12,2.17,1.33,1.02,0.84,10.58,,,,,2496.47998046875
2017-09-13,2.2,1.35,1.02,0.85,10.5,,,,,2498.3701171875
2017-09-14,2.2,1.37,1.03,0.83,10.44,,,,,2495.6201171875
2017-09-15,2.2,1.39,1.03,0.81,10.17,,,,,2500.22998046875
2017-09-18,2.23,1.4,1.04,0.83,10.15,,,,,2503.8701171875
2017-09-19,2.24,1.4,1.03,0.84,10.18,,,,,2506.64990234375
2017-09-20,2.28,1.45,1.02,0.83,9.78,,,,,2508.239990234375
2017-09-21,2.27,1.45,1.02,0.82,9.67,,,,,2500.60009765625
2017-09-22,2.26,1.46,1.01,0.8,9.59,,,,,2502.219970703125
2017-09-25,2.22,1.44,1.04,0.78,10.21,,,,,2496.659912109375
2017-09-26,2.24,1.45,1.05,0.79,10.17,,,,,2496.840087890625
2017-09-27,2.31,1.47,1.05,0.84,9.87,,,,,2507.0400390625
2017-09-28,2.31,1.45,1.04,0.86,9.55,,,,,2510.06005859375
2017-09-29,2.33,1.47,1.04,0.86,9.51,,,,,2519.360107421875
2017-10-01,,,,,,4.2,101.0247,147149.0,1.15,
2017-10-02,2.34,1.49,1.0,0.85,9.45,,,,,2529.1201171875
2017-10-03,2.33,1.47,1.05,0.86,9.51,,,,,2534.580078125
2017-10-04,2.33,1.47,1.06,0.86,9.63,,,,,2537.739990234375
2017-10-05,2.35,1.49,1.05,0.86,9.19,,,,,2552.070068359375
2017-10-06,2.37,1.54,1.05,0.83,9.65,,,,,2549.330078125
2017-10-09,,,,,10.33,,,,,2544.72998046875
2017-10-10,2.35,1.51,1.06,0.84,10.08,,,,,2550.639892578125
2017-10-11,2.35,1.51,1.08,0.84,9.85,,,,,2555.239990234375
2017-10-12,2.33,1.51,1.07,0.82,9.91,,,,,2550.929931640625
2017-10-13,2.28,1.51,1.07,0.77,9.61,,,,,2553.169921875
2017-10-16,2.3,1.54,1.09,0.76,9.91,,,,,2557.639892578125
2017-10-17,2.3,1.54,1.07,0.76,10.31,,,,,2559.360107421875
2017-10-18,2.34,1.59,1.07,0.75,10.07,,,,,2561.260009765625
2017-10-19,2.33,1.58,1.08,0.75,10.05,,,,,2562.10009765625
2017-10-20,2.39,1.6,1.09,0.79,9.97,,,,,2575.2099609375
2017-10-23,2.38,1.58,1.08,0.8,11.07,,,,,2564.97998046875
2017-10-24,2.42,1.6,1.1,0.82,11.16,,,,,2569.1298828125
2017-10-25,2.44,1.61,1.1,0.83,11.23,,,,,2557.14990234375
2017-10-26,2.46,1.63,1.09,0.83,11.3,,,,,2560.39990234375
2017-10-27,2.42,1.59,1.08,0.83,9.8,,,,,2581.070068359375
2017-10-30,2.37,1.58,1.1,0.79,10.5,,,,,2572.830078125
2017-10-31,2.38,1.6,1.13,0.78,10.18,,,,,2575.260009765625
2017-11-01,2.37,1.61,1.16,0.76,10.2,4.2,101.2664,147372.0,1.16,2579.360107421875
2017-11-02,2.35,1.61,1.15,0.74,9.93,,,,,2579.85009765625
2017-11-03,2.34,1.63,1.16,0.71,9.14,,,,,2587.840087890625
2017-11-06,2.32,1.61,1.17,0.71,9.4,,,,,2591.1298828125
2017-11-07,2.32,1.63,1.2,0.69,9.89,,,,,2590.639892578125
2017-11-08,2.32,1.65,1.21,0.67,9.78,,,,,2594.3798828125
2017-11-09,2.33,1.63,1.22,0.7,10.5,,,,,2584.6201171875
2017-11-10,2.4,1.67,1.21,0.73,11.29,,,,,2582.300048828125
2017-11-13,2.4,1.7,1.22,0.7,11.5,,,,,2584.840087890625
2017-11-14,2.38,1.68,1.24,0.7,11.59,,,,,2578.8701171875
2017-11-15,2.33,1.68,1.23,0.65,13.13,,,,,2564.6201171875
2017-11-16,2.37,1.72,1.25,0.65,11.76,,,,,2585.639892578125
2017-11-17,2.35,1.73,1.26,0.62,11.43,,,,,2578.85009765625
2017-11-20,2.37,1.77,1.28,0.6,10.65,,,,,2582.139892578125
2017-11-21,2.36,1.77,1.28,0.59,9.73,,,,,2599.030029296875
2017-11-22,2.32,1.74,1.27,0.58,9.88,,,,,2597.080078125
2017-11-23,,,,,,,,,,
2017-11-24,2.34,1.75,1.26,0.59,9.67,,,,,2602.419921875
2017-11-27,2.32,1.74,1.25,0.58,9.87,,,,,2601.419921875
2017-11-28,2.34,1.75,1.28,0.59,10.03,,,,,2627.0400390625
2017-11-29,2.37,1.78,1.27,0.59,10.7,,,,,2626.070068359375
2017-11-30,2.42,1.78,1.25,0.64,11.28,,,,,2647.580078125
2017-12-01,2.37,1.78,1.25,0.59,11.43,4.1,101.4644,147523.0,1.3,2642.219970703125
2017-12-04,2.37,1.8,1.28,0.57,11.68,,,,,2639.43994140625
2017-12-05,2.36,1.83,1.28,0.53,11.33,,,,,2629.570068359375
2017-12-06,2.33,1.78,1.28,0.55,11.02,,,,,2629.27001953125
2017-12-07,2.37,1.8,1.27,0.57,10.16,,,,,2636.97998046875
2017-12-08,2.38,1.8,1.26,0.58,9.58,,,,,2651.5
2017-12-11,2.39,1.82,1.31,0.57,9.34,,,,,2659.989990234375
2017-12-12,2.4,1.83,1.32,0.57,9.92,,,,,2664.110107421875
2017-12-13,2.36,1.79,1.28,0.57,10.18,,,,,2662.85009765625
2017-12-14,2.35,1.82,1.3,0.53,10.49,,,,,2652.010009765625
2017-12-15,2.35,1.84,1.29,0.51,9.42,,,,,2675.81005859375
2017-12-18,2.39,1.84,1.36,0.55,9.53,,,,,2690.159912109375
2017-12-19,2.46,1.87,1.35,0.59,10.03,,,,,2681.469970703125
2017-12-20,2.49,1.87,1.36,0.62,9.72,,,,,2679.25
2017-12-21,2.48,1.89,1.33,0.59,9.62,,,,,2684.570068359375
2017-12-22,2.48,1.91,1.31,0.57,9.9,,,,,2683.340087890625
2017-12-25,,,,,,,,,,
2017-12-26,2.47,1.92,1.45,0.55,10.25,,,,,2680.5
2017-12-27,2.42,1.89,1.42,0.53,10.47,,,,,2682.6201171875
2017-12-28,2.43,1.91,1.37,0.52,10.18,,,,,2687.5400390625
2017-12-29,2.4,1.89,1.37,0.51,11.04,,,,,2673.610107421875
2018-01-01,,,,,,4.0,101.4625,147660.0,1.41,
2018-01-02,2.46,1.92,1.42,0.54,9.77,,,,,2695.81005859375
2018-01-03,2.44,1.94,1.39,0.5,9.15,,,,,2713.06005859375
2018-01-04,2.46,1.96,1.39,0.5,9.22,,,,,2723.989990234375
2018-01-05,2.47,1.96,1.37,0.51,9.22,,,,,2743.14990234375
2018-01-08,2.49,1.96,1.43,0.53,9.52,,,,,2747.7099609375
2018-01-09,2.55,1.98,1.42,0.57,10.08,,,,,2751.2900390625
2018-01-10,2.55,1.98,1.4,0.57,9.82,,,,,2748.22998046875
2018-01-11,2.54,1.98,1.41,0.56,9.88,,,,,2767.56005859375
2018-01-12,2.55,1.99,1.41,0.56,10.16,,,,,2786.239990234375
2018-01-15,,,,,,,,,,
2018-01-16,2.54,2.03,1.43,0.51,11.66,,,,,2776.419921875
2018-01-17,2.57,2.05,1.42,0.52,11.91,,,,,2802.56005859375
2018-01-18,2.62,2.05,1.43,0.57,12.22,,,,,2798.030029296875
2018-01-19,2.64,2.06,1.42,0.58,11.27,,,,,2810.300048828125
2018-01-22,2.66,2.08,1.43,0.58,11.03,,,,,2832.969970703125
2018-01-23,2.63,2.06,1.42,0.57,11.1,,,,,2839.1298828125
2018-01-24,2.65,2.08,1.41,0.57,11.47,,,,,2837.5400390625
2018-01-25,2.63,2.08,1.4,0.55,11.58,,,,,2839.25
2018-01-26,2.66,2.13,1.39,0.53,11.08,,,,,2872.8701171875
2018-01-29,2.7,2.11,1.43,0.59,13.84,,,,,2853.530029296875
2018-01-30,2.73,2.13,1.42,0.6,14.79,,,,,2822.429931640625
2018-01-31,2.72,2.14,1.44,0.58,13.54,,,,,2823.81005859375
2018-02-01,2.78,2.16,1.46,0.62,13.47,4.1,101.7085,148054.0,1.42,2821.97998046875
2018-02-02,2.84,2.15,1.46,0.69,17.31,,,,,2762.1298828125
2018-02-05,2.77,2.08,1.49,0.69,37.32,,,,,2648.93994140625
2018-02-06,2.79,2.1,1.5,0.69,29.98,,,,,2695.139892578125
2018-02-07,2.84,2.15,1.53,0.69,27.73,,,,,2681.659912109375
2018-02-08,2.85,2.13,1.53,0.72,33.46,,,,,2581.0
2018-02-09,2.83,2.05,1.53,0.78,29.06,,,,,2619.550048828125
2018-02-12,2.86,2.09,1.61,0.77,25.61,,,,,2656.0
2018-02-13,2.83,2.1,1.57,0.73,24.97,,,,,2662.93994140625
2018-02-14,2.91,2.17,1.56,0.74,19.26,,,,,2698.6298828125
2018-02-15,2.9,2.19,1.56,0.71,19.13,,,,,2731.199951171875
2018-02-16,2.87,2.21,1.59,0.66,19.46,,,,,2732.219970703125
2018-02-19,,,,,,,,,,
2018-02-20,2.88,2.25,1.64,0.63,20.6,,,,,2716.260009765625
2018-02-21,2.94,2.26,1.62,0.68,20.02,,,,,2701.330078125
2018-02-22,2.92,2.25,1.61,0.67,18.72,,,,,2703.9599609375
2018-02-23,2.88,2.25,1.61,0.63,16.49,,,,,2747.300048828125
2018-02-26,2.86,2.22,1.65,0.64,15.8,,,,,2779.60009765625
2018-02-27,2.9,2.27,1.64,0.63,18.59,,,,,2744.280029296875
2018-02-28,2.87,2.25,1.63,0.62,19.85,,,,,2713.830078125
2018-03-01,2.81,2.22,1.6,0.59,22.47,4.0,102.2067,148280.0,1.51,2677.669921875
2018-03-02,2.86,2.25,1.62,0.61,19.59,,,,,2691.25
2018-03-05,2.88,2.24,1.67,0.64,18.73,,,,,2720.93994140625
2018-03-06,2.88,2.25,1.65,0.63,18.36,,,,,2728.1201171875
2018-03-07,2.89,2.25,1.65,0.64,17.76,,,,,2726.800048828125
2018-03-08,2.86,2.25,1.64,0.61,16.54,,,,,2738.969970703125
2018-03-09,2.9,2.27,1.64,0.63,14.64,,,,,2786.570068359375
2018-03-12,2.87,2.27,1.68,0.6,15.78,,,,,2783.02001953125
2018-03-13,2.84,2.26,1.7,0.58,16.35,,,,,2765.31005859375
2018-03-14,2.81,2.26,1.73,0.55,17.23,,,,,2749.47998046875
2018-03-15,2.82,2.29,1.74,0.53,16.59,,,,,2747.330078125
2018-03-16,2.85,2.31,1.75,0.54,15.8,,,,,2752.010009765625
2018-03-19,2.85,2.31,1.77,0.54,19.02,,,,,2712.919921875
2018-03-20,2.89,2.34,1.78,0.55,18.2,,,,,2716.93994140625
2018-03-21,2.89,2.31,1.71,0.58,17.86,,,,,2711.929931640625
2018-03-22,2.83,2.29,1.69,0.54,23.34,,,,,2643.68994140625
2018-03-23,2.82,2.28,1.71,0.54,24.87,,,,,2588.260009765625
2018-03-26,2.85,2.33,1.76,0.52,21.03,,,,,2658.550048828125
2018-03-27,2.78,2.26,1.74,0.52,22.5,,,,,2612.6201171875
2018-03-28,2.77,2.28,1.7,0.49,22.87,,,,,2605.0
2018-03-29,2.74,2.27,1.7,0.47,19.97,,,,,2640.8701171875
2018-03-30,,,,,,,,,,
2018-04-01,,,,,,4.0,103.3329,148420.0,1.69,
2018-04-02,2.73,2.25,1.74,0.48,23.62,,,,,2581.8798828125
2018-04-03,2.79,2.28,1.72,0.51,21.1,,,,,2614.449951171875
2018-04-04,2.79,2.28,1.68,0.51,20.06,,,,,2644.68994140625
2018-04-05,2.83,2.3,1.69,0.53,18.94,,,,,2662.840087890625
2018-04-06,2.77,2.27,1.7,0.5,21.49,,,,,2604.469970703125
2018-04-09,2.78,2.29,1.73,0.49,21.77,,,,,2613.159912109375
2018-04-10,2.8,2.32,1.71,0.48,20.47,,,,,2656.8701171875
2018-04-11,2.79,2.32,1.7,0.47,20.24,,,,,2642.18994140625
2018-04-12,2.83,2.34,1.72,0.49,18.49,,,,,2663.989990234375
2018-04-13,2.82,2.37,1.73,0.45,17.41,,,,,2656.300048828125
2018-04-16,2.83,2.39,1.76,0.44,16.56,,,,,2677.840087890625
2018-04-17,2.82,2.41,1.77,0.41,15.25,,,,,2706.389892578125
2018-04-18,2.87,2.42,1.78,0.45,15.6,,,,,2708.639892578125
2018-04-19,2.92,2.44,1.79,0.48,15.96,,,,,2693.1298828125
2018-04-20,2.96,2.46,1.78,0.5,16.88,,,,,2670.139892578125
2018-04-23,2.98,2.49,1.84,0.49,16.34,,,,,2670.2900390625
2018-04-24,3.0,2.48,1.84,0.52,18.02,,,,,2634.56005859375
2018-04-25,3.03,2.49,1.82,0.54,17.84,,,,,2639.39990234375
2018-04-26,3.0,2.49,1.79,0.51,16.24,,,,,2666.93994140625
2018-04-27,2.96,2.49,1.78,0.47,15.41,,,,,2669.909912109375
2018-04-30,2.95,2.49,1.84,0.46,15.93,,,,,2648.050048828125
2018-05-01,2.97,2.5,1.82,0.47,15.49,3.8,102.4024,148742.0,1.7,2654.800048828125
2018-05-02,2.97,2.49,1.81,0.48,15.97,,,,,2635.669921875
2018-05-03,2.94,2.49,1.8,0.45,15.9,,,,,2629.72998046875
2018-05-04,2.95,2.51,1.8,0.44,14.77,,,,,2663.419921875
2018-05-07,2.95,2.49,1.83,0.46,14.75,,,,,2672.6298828125
2018-05-08,2.97,2.51,1.84,0.46,14.71,,,,,2671.919921875
2018-05-09,3.0,2.54,1.85,0.46,13.42,,,,,2697.7900390625
2018-05-10,2.97,2.54,1.86,0.43,13.23,,,,,2723.070068359375
2018-05-11,2.97,2.54,1.88,0.43,12.65,,,,,2727.719970703125
2018-05-14,3.0,2.55,1.9,0.45,12.93,,,,,2730.1298828125
2018-05-15,3.08,2.58,1.89,0.5,14.63,,,,,2711.449951171875
2018-05-16,3.09,2.58,1.88,0.51,13.42,,,,,2722.4599609375
2018-05-17,3.11,2.57,1.88,0.54,13.43,,,,,2720.1298828125
2018-05-18,3.06,2.55,1.87,0.51,13.42,,,,,2712.969970703125
2018-05-21,3.06,2.58,1.9,0.48,13.08,,,,,2733.010009765625
2018-05-22,3.06,2.59,1.9,0.47,13.22,,,,,2724.43994140625
2018-05-23,3.01,2.53,1.88,0.48,12.58,,,,,2733.2900390625
2018-05-24,2.98,2.5,1.87,0.48,12.53,,,,,2727.760009765625
2018-05-25,2.93,2.48,1.86,0.45,13.22,,,,,2721.330078125
2018-05-28,,,,,,,,,,
2018-05-29,2.77,2.32,1.9,0.45,17.02,,,,,2689.860107421875
2018-05-30,2.84,2.42,1.9,0.42,14.94,,,,,2724.010009765625
2018-05-31,2.83,2.4,1.89,0.43,15.43,,,,,2705.27001953125
2018-06-01,2.89,2.47,1.88,0.42,13.46,4.0,103.198,148960.0,1.82,2734.6201171875
2018-06-04,2.94,2.52,1.91,0.42,12.74,,,,,2746.8701171875
2018-06-05,2.92,2.49,1.91,0.43,12.4,,,,,2748.800048828125
2018-06-06,2.97,2.52,1.91,0.45,11.64,,,,,2772.35009765625
2018-06-07,2.93,2.5,1.9,0.43,12.13,,,,,2770.3701171875
2018-06-08,2.93,2.5,1.89,0.43,12.18,,,,,2779.030029296875
2018-06-11,2.96,2.52,1.91,0.44,12.35,,,,,2782.0
2018-06-12,2.96,2.54,1.89,0.42,12.34,,,,,2786.85009765625
2018-06-13,2.98,2.59,1.9,0.39,12.94,,,,,2775.6298828125
2018-06-14,2.94,2.59,1.9,0.35,12.12,,,,,2782.489990234375
2018-06-15,2.93,2.55,1.9,0.38,11.98,,,,,2779.659912109375
2018-06-18,2.92,2.56,1.91,0.36,12.31,,,,,2773.75
2018-06-19,2.89,2.54,1.91,0.35,13.35,,,,,2762.590087890625
2018-06-20,2.93,2.56,1.9,0.37,12.79,,,,,2767.320068359375
2018-06-21,2.9,2.56,1.9,0.34,14.64,,,,,2749.760009765625
2018-06-22,2.9,2.56,1.89,0.34,13.77,,,,,2754.8798828125
2018-06-25,2.87,2.54,1.9,0.33,17.33,,,,,2717.070068359375
2018-06-26,2.88,2.53,1.9,0.35,15.92,,,,,2723.06005859375
2018-06-27,2.83,2.52,1.89,0.31,17.91,,,,,2699.6298828125
2018-06-28,2.84,2.52,1.89,0.32,16.85,,,,,2716.31005859375
2018-06-29,2.85,2.52,1.89,0.33,16.09,,,,,2718.3701171875
2018-07-01,,,,,,3.8,103.3646,149020.0,1.91,
2018-07-02,2.87,2.57,1.95,0.3,15.6,,,,,2726.7099609375
2018-07-03,2.83,2.53,1.94,0.3,16.14,,,,,2713.219970703125
2018-07-04,,,,,,,,,,
2018-07-05,2.84,2.55,1.92,0.29,14.97,,,,,2736.610107421875
2018-07-06,2.82,2.53,1.93,0.29,13.37,,,,,2759.820068359375
2018-07-09,2.86,2.57,1.95,0.29,12.69,,,,,2784.169921875
2018-07-10,2.87,2.59,1.95,0.28,12.64,,,,,2793.840087890625
2018-07-11,2.85,2.58,1.93,0.27,13.63,,,,,2774.02001953125
2018-07-12,2.85,2.6,1.94,0.25,12.58,,,,,2798.2900390625
2018-07-13,2.83,2.59,1.94,0.24,12.18,,,,,2801.31005859375
2018-07-16,2.85,2.59,1.98,0.26,12.83,,,,,2798.429931640625
2018-07-17,2.86,2.62,1.98,0.24,12.06,,,,,2809.550048828125
2018-07-18,2.88,2.6,1.96,0.28,12.1,,,,,2815.6201171875
2018-07-19,2.84,2.6,1.96,0.24,12.87,,,,,2804.489990234375
2018-07-20,2.89,2.6,1.95,0.29,12.86,,,,,2801.830078125
2018-07-23,2.96,2.64,1.96,0.32,12.62,,,,,2806.97998046875
2018-07-24,2.95,2.63,1.98,0.32,12.41,,,,,2820.39990234375
2018-07-25,2.94,2.66,1.97,0.28,12.29,,,,,2846.070068359375
2018-07-26,2.98,2.69,1.95,0.29,12.14,,,,,2837.43994140625
2018-07-27,2.96,2.67,1.96,0.29,13.03,,,,,2818.820068359375
2018-07-30,2.98,2.66,2.01,0.32,14.26,,,,,2802.60009765625
2018-07-31,2.96,2.67,1.99,0.29,12.83,,,,,2816.2900390625
2018-08-01,3.0,2.67,1.99,0.33,13.15,3.8,104.0327,149277.0,1.91,2813.360107421875
2018-08-02,2.98,2.66,1.98,0.32,12.19,,,,,2827.219970703125
2018-08-03,2.95,2.63,1.97,0.32,11.64,,,,,2840.35009765625
2018-08-06,2.94,2.64,2.02,0.3,11.27,,,,,2850.39990234375
2018-08-07,2.98,2.68,2.02,0.3,10.93,,,,,2858.449951171875
2018-08-08,2.96,2.68,2.02,0.28,10.85,,,,,2857.699951171875
2018-08-09,2.93,2.64,2.02,0.29,11.27,,,,,2853.580078125
2018-08-10,2.87,2.61,2.01,0.26,13.16,,,,,2833.280029296875
2018-08-13,2.88,2.61,2.03,0.27,14.78,,,,,2821.929931640625
2018-08-14,2.89,2.63,2.04,0.26,13.31,,,,,2839.9599609375
2018-08-15,2.86,2.61,2.03,0.25,14.64,,,,,2818.3701171875
2018-08-16,2.87,2.63,2.03,0.24,13.45,,,,,2840.68994140625
2018-08-17,2.87,2.61,2.01,0.26,12.64,,,,,2850.1298828125
2018-08-20,2.82,2.6,2.03,0.22,12.49,,,,,2857.050048828125
2018-08-21,2.85,2.61,2.04,0.24,12.86,,,,,2862.9599609375
2018-08-22,2.82,2.6,2.05,0.22,12.25,,,,,2861.820068359375
2018-08-23,2.82,2.61,2.04,0.21,12.41,,,,,2856.97998046875
2018-08-24,2.82,2.63,2.05,0.19,11.99,,,,,2874.68994140625
2018-08-27,2.85,2.67,2.08,0.18,12.16,,,,,2896.739990234375
2018-08-28,2.88,2.67,2.09,0.21,12.5,,,,,2897.52001953125
2018-08-29,2.89,2.67,2.09,0.22,12.25,,,,,2914.0400390625
2018-08-30,2.86,2.64,2.07,0.22,13.53,,,,,2901.1298828125
2018-08-31,2.86,2.62,2.07,0.24,12.86,,,,,2901.52001953125
2018-09-01,,,,,,3.7,104.1004,149358.0,1.95,
2018-09-03,,,,,,,,,,
2018-09-04,2.9,2.66,2.09,0.24,13.16,,,,,2896.719970703125
2018-09-05,2.9,2.66,2.1,0.24,13.91,,,,,2888.60009765625
2018-09-06,2.88,2.64,2.09,0.24,14.65,,,,,2878.050048828125
2018-09-07,2.94,2.71,2.1,0.23,14.88,,,,,2871.679931640625
2018-09-10,2.94,2.73,2.11,0.21,14.16,,,,,2877.1298828125
2018-09-11,2.98,2.76,2.11,0.22,13.22,,,,,2887.889892578125
2018-09-12,2.97,2.74,2.12,0.23,13.14,,,,,2888.919921875
2018-09-13,2.97,2.76,2.11,0.21,12.37,,,,,2904.179931640625
2018-09-14,2.99,2.78,2.12,0.21,12.07,,,,,2904.97998046875
2018-09-17,2.99,2.78,2.13,0.21,13.68,,,,,2888.800048828125
2018-09-18,3.05,2.81,2.13,0.24,12.79,,,,,2904.31005859375
2018-09-19,3.08,2.81,2.12,0.27,11.75,,,,,2907.949951171875
2018-09-20,3.07,2.81,2.13,0.26,11.8,,,,,2930.75
2018-09-21,3.07,2.81,2.14,0.26,11.68,,,,,2929.669921875
2018-09-24,3.08,2.83,2.18,0.25,12.2,,,,,2919.3701171875
2018-09-25,3.1,2.83,2.17,0.27,12.42,,,,,2915.56005859375
2018-09-26,3.06,2.83,2.16,0.23,12.89,,,,,2905.969970703125
2018-09-27,3.06,2.83,2.14,0.23,12.41,,,,,2914.0
2018-09-28,3.05,2.81,2.15,0.24,12.12,,,,,2913.97998046875
2018-10-01,3.09,2.82,2.19,0.27,12.0,3.8,103.9856,149527.0,2.19,2924.590087890625
2018-10-02,3.05,2.82,2.19,0.23,12.05,,,,,2923.429931640625
2018-10-03,3.15,2.85,2.19,0.3,11.61,,,,,2925.510009765625
2018-10-04,3.19,2.87,2.18,0.32,14.22,,,,,2901.610107421875
2018-10-05,3.23,2.88,2.18,0.35,14.82,,,,,2885.570068359375
2018-10-08,,,,,15.69,,,,,2884.429931640625
2018-10-09,3.21,2.88,2.21,0.33,15.95,,,,,2880.340087890625
2018-10-10,3.22,2.88,2.23,0.34,22.96,,,,,2785.679931640625
2018-10-11,3.14,2.85,2.22,0.29,24.98,,,,,2728.3701171875
2018-10-12,3.15,2.85,2.23,0.3,21.31,,,,,2767.1298828125
2018-10-15,3.16,2.85,2.27,0.31,21.3,,,,,2750.7900390625
2018-10-16,3.16,2.87,2.26,0.29,17.62,,,,,2809.919921875
2018-10-17,3.19,2.89,2.27,0.3,17.4,,,,,2809.2099609375
2018-10-18,3.17,2.87,2.27,0.3,20.06,,,,,2768.780029296875
2018-10-19,3.2,2.92,2.26,0.28,19.89,,,,,2767.780029296875
2018-10-22,3.2,2.92,2.3,0.28,19.64,,,,,2755.8798828125
2018-10-23,3.17,2.89,2.29,0.28,20.71,,,,,2740.68994140625
2018-10-24,3.1,2.84,2.29,0.26,25.23,,,,,2656.10009765625
2018-10-25,3.14,2.86,2.29,0.28,24.22,,,,,2705.570068359375
2018-10-26,3.08,2.81,2.28,0.27,24.16,,,,,2658.68994140625
2018-10-29,3.08,2.81,2.3,0.27,24.7,,,,,2641.25
2018-10-30,3.12,2.84,2.29,0.28,23.35,,,,,2682.6298828125
2018-10-31,3.15,2.87,2.29,0.28,21.23,,,,,2711.739990234375
2018-11-01,3.14,2.84,2.27,0.3,19.34,3.8,104.0681,149617.0,2.2,2740.3701171875
2018-11-02,3.22,2.91,2.28,0.31,19.51,,,,,2723.06005859375
2018-11-05,3.2,2.91,2.32,0.29,19.96,,,,,2738.31005859375
2018-11-06,3.22,2.93,2.31,0.29,19.91,,,,,2755.449951171875
2018-11-07,3.22,2.96,2.32,0.26,16.36,,,,,2813.889892578125
2018-11-08,3.24,2.98,2.3,0.26,16.72,,,,,2806.830078125
2018-11-09,3.19,2.94,2.31,0.25,17.36,,,,,2781.010009765625
2018-11-12,,,,,20.45,,,,,2726.219970703125
2018-11-13,3.14,2.89,2.34,0.25,20.02,,,,,2722.179931640625
2018-11-14,3.12,2.86,2.33,0.26,21.25,,,,,2701.580078125
2018-11-15,3.11,2.86,2.32,0.25,19.98,,,,,2730.199951171875
2018-11-16,3.08,2.81,2.31,0.27,18.14,,,,,2736.27001953125
2018-11-19,3.06,2.79,2.34,0.27,20.1,,,,,2690.72998046875
2018-11-20,3.06,2.79,2.34,0.27,22.48,,,,,2641.889892578125
2018-11-21,3.06,2.81,2.36,0.25,20.8,,,,,2649.929931640625
2018-11-22,,,,,,,,,,
2018-11-23,3.05,2.81,2.36,0.24,21.52,,,,,2632.56005859375
2018-11-26,3.07,2.84,2.37,0.23,18.9,,,,,2673.449951171875
2018-11-27,3.06,2.83,2.36,0.23,19.02,,,,,2682.169921875
2018-11-28,3.06,2.81,2.35,0.25,18.49,,,,,2743.7900390625
2018-11-29,3.03,2.81,2.32,0.22,18.79,,,,,2737.800048828125
2018-11-30,3.01,2.8,2.32,0.21,18.07,,,,,2760.169921875
2018-12-01,,,,,,3.9,104.0936,149809.0,2.27,
2018-12-03,2.98,2.83,2.34,0.15,16.44,,,,,2790.3701171875
2018-12-04,2.91,2.8,2.38,0.11,20.74,,,,,2700.06005859375
2018-12-05,,,,,,,,,,
2018-12-06,2.87,2.75,2.36,0.12,21.19,,,,,2695.949951171875
2018-12-07,2.85,2.72,2.35,0.13,23.23,,,,,2633.080078125
2018-12-10,2.85,2.72,2.37,0.13,22.64,,,,,2637.719970703125
2018-12-11,2.89,2.78,2.37,0.11,21.76,,,,,2636.780029296875
2018-12-12,2.91,2.77,2.39,0.14,21.46,,,,,2651.070068359375
2018-12-13,2.91,2.75,2.38,0.16,20.65,,,,,2650.5400390625
2018-12-14,2.89,2.73,2.37,0.16,21.63,,,,,2599.949951171875
2018-12-17,2.86,2.7,2.36,0.16,24.52,,,,,2545.93994140625
2018-12-18,2.82,2.65,2.34,0.17,25.58,,,,,2546.159912109375
2018-12-19,2.77,2.63,2.35,0.14,25.58,,,,,2506.9599609375
2018-12-20,2.79,2.67,2.34,0.12,28.38,,,,,2467.419921875
2018-12-21,2.79,2.63,2.34,0.16,30.11,,,,,2416.6201171875
2018-12-24,2.74,2.55,2.41,0.19,36.07,,,,,2351.10009765625
2018-12-25,,,,,,,,,,
2018-12-26,2.81,2.61,2.39,0.2,30.41,,,,,2467.699951171875
2018-12-27,2.77,2.56,2.36,0.21,29.96,,,,,2488.830078125
2018-12-28,2.72,2.52,2.35,0.2,28.34,,,,,2485.739990234375
2018-12-31,2.69,2.48,2.4,0.21,25.42,,,,,2506.85009765625
2019-01-01,,,,,,4.0,103.4021,150060.0,2.4,
2019-01-02,2.66,2.5,2.37,0.16,23.22,,,,,2510.030029296875
2019-01-03,2.56,2.39,2.36,0.17,25.45,,,,,2447.889892578125
2019-01-04,2.67,2.5,2.37,0.17,21.38,,,,,2531.93994140625
2019-01-07,2.7,2.53,2.41,0.17,21.4,,,,,2549.68994140625
2019-01-08,2.73,2.58,2.41,0.15,20.47,,,,,2574.409912109375
2019-01-09,2.74,2.56,2.4,0.18,19.98,,,,,2584.9599609375
2019-01-10,2.74,2.56,2.38,0.18,19.5,,,,,2596.639892578125
2019-01-11,2.71,2.55,2.38,0.16,18.19,,,,,2596.260009765625
2019-01-14,2.71,2.53,2.4,0.18,19.07,,,,,2582.610107421875
2019-01-15,2.72,2.53,2.4,0.19,18.6,,,,,2610.300048828125
2019-01-16,2.73,2.55,2.38,0.18,19.04,,,,,2616.10009765625
2019-01-17,2.75,2.56,2.37,0.19,18.06,,,,,2635.9599609375
2019-01-18,2.79,2.62,2.36,0.17,17.8,,,,,2670.7099609375
2019-01-21,,,,,,,,,,
2019-01-22,2.74,2.58,2.38,0.16,20.8,,,,,2632.89990234375
2019-01-23,2.76,2.58,2.36,0.18,19.52,,,,,2638.699951171875
2019-01-24,2.72,2.56,2.32,0.16,18.89,,,,,2642.330078125
2019-01-25,2.76,2.6,2.34,0.16,17.42,,,,,2664.760009765625
2019-01-28,2.75,2.6,2.37,0.15,18.87,,,,,2643.85009765625
2019-01-29,2.72,2.56,2.37,0.16,19.13,,,,,2640.0
2019-01-30,2.7,2.52,2.37,0.18,17.66,,,,,2681.050048828125
2019-01-31,2.63,2.45,2.36,0.18,16.57,,,,,2704.10009765625
2019-02-01,2.7,2.52,2.35,0.18,16.14,3.8,102.8371,150067.0,2.4,2706.530029296875
2019-02-04,2.73,2.53,2.37,0.2,15.73,,,,,2724.8701171875
2019-02-05,2.71,2.53,2.37,0.18,15.57,,,,,2737.699951171875
2019-02-06,2.7,2.52,2.37,0.18,15.38,,,,,2731.610107421875
2019-02-07,2.65,2.48,2.37,0.17,16.37,,,,,2706.050048828125
2019-02-08,2.63,2.45,2.38,0.18,15.72,,,,,2707.8798828125
2019-02-11,2.65,2.48,2.4,0.17,15.97,,,,,2709.800048828125
2019-02-12,2.68,2.5,2.38,0.18,15.43,,,,,2744.72998046875
2019-02-13,2.71,2.53,2.39,0.18,15.65,,,,,2753.030029296875
2019-02-14,2.66,2.5,2.38,0.16,16.22,,,,,2745.72998046875
2019-02-15,2.66,2.52,2.38,0.14,14.91,,,,,2775.60009765625
2019-02-18,,,,,,,,,,
2019-02-19,2.65,2.5,2.41,0.15,14.88,,,,,2779.760009765625
2019-02-20,2.65,2.5,2.4,0.15,14.02,,,,,2784.699951171875
2019-02-21,2.69,2.53,2.4,0.16,14.46,,,,,2774.8798828125
2019-02-22,2.65,2.48,2.41,0.17,13.51,,,,,2792.669921875
2019-02-25,2.67,2.51,2.42,0.16,14.85,,,,,2796.110107421875
2019-02-26,2.64,2.48,2.4,0.16,15.17,,,,,2793.89990234375
2019-02-27,2.69,2.5,2.4,0.19,14.7,,,,,2792.3798828125
2019-02-28,2.73,2.52,2.4,0.21,14.78,,,,,2784.489990234375
2019-03-01,2.76,2.55,2.39,0.21,13.57,3.8,102.8757,150295.0,2.41,2803.68994140625
2019-03-04,2.72,2.55,2.41,0.17,14.63,,,,,2792.81005859375
2019-03-05,2.72,2.55,2.41,0.17,14.74,,,,,2789.64990234375
2019-03-06,2.69,2.52,2.41,0.17,15.74,,,,,2771.449951171875
2019-03-07,2.64,2.47,2.4,0.17,16.59,,,,,2748.929931640625
2019-03-08,2.62,2.45,2.41,0.17,16.05,,,,,2743.070068359375
2019-03-11,2.64,2.47,2.41,0.17,14.33,,,,,2783.300048828125
2019-03-12,2.61,2.45,2.41,0.16,13.77,,,,,2791.52001953125
2019-03-13,2.61,2.45,2.4,0.16,13.41,,,,,2810.919921875
2019-03-14,2.63,2.46,2.4,0.17,13.5,,,,,2808.47998046875
2019-03-15,2.59,2.43,2.4,0.16,12.88,,,,,2822.47998046875
2019-03-18,2.6,2.45,2.39,0.15,13.1,,,,,2832.93994140625
2019-03-19,2.61,2.46,2.41,0.15,13.56,,,,,2832.570068359375
2019-03-20,2.54,2.4,2.42,0.14,13.91,,,,,2824.22998046875
2019-03-21,2.54,2.41,2.43,0.13,13.63,,,,,2854.8798828125
2019-03-22,2.44,2.31,2.41,0.13,16.48,,,,,2800.7099609375
2019-03-25,2.43,2.26,2.41,0.17,16.33,,,,,2798.360107421875
2019-03-26,2.41,2.24,2.41,0.17,14.68,,,,,2818.4599609375
2019-03-27,2.39,2.22,2.39,0.17,15.15,,,,,2805.3701171875
2019-03-28,2.39,2.23,2.38,0.16,14.43,,,,,2815.43994140625
2019-03-29,2.41,2.27,2.35,0.14,13.71,,,,,2834.39990234375
2019-04-01,2.49,2.33,2.38,0.16,13.4,3.7,102.274,150591.0,2.42,2867.18994140625
2019-04-02,2.48,2.3,2.37,0.18,13.36,,,,,2867.239990234375
2019-04-03,2.52,2.33,2.39,0.19,13.74,,,,,2873.39990234375
2019-04-04,2.51,2.33,2.39,0.18,13.58,,,,,2879.389892578125
2019-04-05,2.5,2.35,2.39,0.15,12.82,,,,,2892.739990234375
2019-04-08,2.52,2.36,2.38,0.16,13.18,,,,,2895.77001953125
2019-04-09,2.51,2.35,2.37,0.16,14.28,,,,,2878.199951171875
2019-04-10,2.48,2.31,2.38,0.17,13.3,,,,,2888.2099609375
2019-04-11,2.51,2.35,2.38,0.16,13.02,,,,,2888.320068359375
2019-04-12,2.56,2.4,2.39,0.16,12.01,,,,,2907.409912109375
2019-04-15,2.55,2.4,2.38,0.15,12.32,,,,,2905.580078125
2019-04-16,2.6,2.41,2.38,0.19,12.18,,,,,2907.06005859375
2019-04-17,2.59,2.4,2.39,0.19,12.6,,,,,2900.449951171875
2019-04-18,2.57,2.38,2.37,0.19,12.09,,,,,2905.030029296875
2019-04-19,,,,,,,,,,
2019-04-22,2.59,2.38,2.39,0.21,12.42,,,,,2907.969970703125
2019-04-23,2.57,2.36,2.4,0.21,12.28,,,,,2933.679931640625
2019-04-24,2.53,2.32,2.39,0.21,13.14,,,,,2927.25
2019-04-25,2.54,2.33,2.38,0.21,13.25,,,,,2926.169921875
2019-04-26,2.51,2.28,2.37,0.23,12.73,,,,,2939.8798828125
2019-04-29,2.54,2.3,2.39,0.24,13.11,,,,,2943.030029296875
2019-04-30,2.51,2.27,2.38,0.24,13.12,,,,,2945.830078125
2019-05-01,2.52,2.31,2.38,0.21,14.8,3.6,102.392,150618.0,2.39,2923.72998046875
2019-05-02,2.55,2.35,2.41,0.2,14.42,,,,,2917.52001953125
2019-05-03,2.54,2.33,2.38,0.21,12.87,,,,,2945.639892578125
2019-05-06,2.51,2.31,2.39,0.2,15.44,,,,,2932.469970703125
2019-05-07,2.45,2.28,2.38,0.17,19.32,,,,,2884.050048828125
2019-05-08,2.49,2.3,2.38,0.19,19.4,,,,,2879.419921875
2019-05-09,2.45,2.26,2.38,0.19,19.1,,,,,2870.719970703125
2019-05-10,2.47,2.26,2.38,0.21,16.04,,,,,2881.39990234375
2019-05-13,2.4,2.18,2.36,0.22,20.55,,,,,2811.8701171875
2019-05-14,2.42,2.2,2.36,0.22,18.06,,,,,2834.409912109375
2019-05-15,2.37,2.16,2.37,0.21,16.44,,,,,2850.9599609375
2019-05-16,2.4,2.2,2.35,0.2,15.29,,,,,2876.320068359375
2019-05-17,2.39,2.2,2.34,0.19,15.96,,,,,2859.530029296875
2019-05-20,2.41,2.21,2.34,0.2,16.31,,,,,2840.22998046875
2019-05-21,2.43,2.26,2.34,0.17,14.95,,,,,2864.360107421875
2019-05-22,2.39,2.23,2.33,0.16,14.75,,,,,2856.27001953125
2019-05-23,2.31,2.12,2.32,0.19,16.92,,,,,2822.239990234375
2019-05-24,2.32,2.16,2.3,0.16,15.85,,,,,2826.06005859375
2019-05-27,,,,,,,,,,
2019-05-28,2.26,2.12,2.32,0.14,17.5,,,,,2802.389892578125
2019-05-29,2.25,2.09,2.32,0.16,17.9,,,,,2783.02001953125
2019-05-30,2.22,2.06,2.33,0.16,17.3,,,,,2788.860107421875
2019-05-31,2.14,1.95,2.3,0.19,18.71,,,,,2752.06005859375
2019-06-01,,,,,,3.6,102.4375,150838.0,2.38,
2019-06-03,2.07,1.82,2.3,0.25,18.86,,,,,2744.449951171875
2019-06-04,2.12,1.88,2.3,0.24,16.97,,,,,2803.27001953125
2019-06-05,2.12,1.83,2.3,0.29,16.09,,,,,2826.14990234375
2019-06-06,2.12,1.88,2.28,0.24,15.93,,,,,2843.489990234375
2019-06-07,2.09,1.85,2.23,0.24,16.3,,,,,2873.340087890625
2019-06-10,2.15,1.9,2.24,0.25,15.94,,,,,2886.72998046875
2019-06-11,2.15,1.93,2.22,0.22,15.99,,,,,2885.719970703125
2019-06-12,2.13,1.88,2.19,0.25,15.91,,,,,2879.840087890625
2019-06-13,2.1,1.83,2.14,0.27,15.82,,,,,2891.639892578125
2019-06-14,2.09,1.84,2.15,0.25,15.28,,,,,2886.97998046875
2019-06-17,2.09,1.86,2.18,0.23,15.35,,,,,2889.669921875
2019-06-18,2.06,1.86,2.17,0.2,15.15,,,,,2917.75
2019-06-19,2.03,1.74,2.13,0.29,14.33,,,,,2926.4599609375
2019-06-20,2.01,1.72,2.09,0.29,14.75,,,,,2954.179931640625
2019-06-21,2.07,1.77,2.07,0.3,15.4,,,,,2950.4599609375
2019-06-24,2.02,1.72,2.08,0.3,15.26,,,,,2945.35009765625
2019-06-25,2.0,1.71,2.07,0.29,16.28,,,,,2917.3798828125
2019-06-26,2.05,1.77,2.1,0.28,16.21,,,,,2913.780029296875
2019-06-27,2.01,1.74,2.09,0.27,15.82,,,,,2924.919921875
2019-06-28,2.0,1.75,2.08,0.25,15.08,,,,,2941.760009765625
2019-07-01,2.03,1.78,2.16,0.25,14.06,3.7,101.9408,150937.0,2.4,2964.330078125
2019-07-02,1.98,1.77,2.15,0.21,12.93,,,,,2973.010009765625
2019-07-03,1.96,1.77,2.16,0.19,12.57,,,,,2995.820068359375
2019-07-04,,,,,,,,,,
2019-07-05,2.04,1.87,2.18,0.17,13.28,,,,,2990.409912109375
2019-07-08,2.05,1.88,2.21,0.17,13.96,,,,,2975.949951171875
2019-07-09,2.07,1.92,2.21,0.15,14.09,,,,,2979.6298828125
2019-07-10,2.07,1.82,2.15,0.25,13.03,,,,,2993.070068359375
2019-07-11,2.13,1.85,2.12,0.28,12.93,,,,,2999.909912109375
2019-07-12,2.12,1.84,2.1,0.28,12.39,,,,,3013.77001953125
2019-07-15,2.09,1.83,2.11,0.26,12.68,,,,,3014.300048828125
2019-07-16,2.13,1.87,2.1,0.26,12.86,,,,,3004.0400390625
2019-07-17,2.06,1.83,2.09,0.23,13.97,,,,,2984.419921875
2019-07-18,2.04,1.77,2.01,0.27,13.53,,,,,2995.110107421875
2019-07-19,2.05,1.8,2.02,0.25,14.45,,,,,2976.610107421875
2019-07-22,2.05,1.8,2.04,0.25,13.53,,,,,2985.030029296875
2019-07-23,2.08,1.83,2.02,0.25,12.61,,,,,3005.469970703125
2019-07-24,2.05,1.83,2.05,0.22,12.07,,,,,3019.56005859375
2019-07-25,2.08,1.86,2.06,0.22,12.74,,,,,3003.669921875
2019-07-26,2.08,1.86,2.08,0.22,12.16,,,,,3025.860107421875
2019-07-29,2.06,1.85,2.07,0.21,12.83,,,,,3020.969970703125
2019-07-30,2.06,1.85,2.04,0.21,13.94,,,,,3013.179931640625
2019-07-31,2.02,1.89,2.04,0.13,16.12,,,,,2980.3798828125
2019-08-01,1.9,1.73,2.03,0.17,17.87,3.6,102.639,151169.0,2.13,2953.56005859375
2019-08-02,1.86,1.72,2.02,0.14,17.61,,,,,2932.050048828125
2019-08-05,1.75,1.59,2.0,0.16,24.59,,,,,2844.739990234375
2019-08-06,1.73,1.6,2.01,0.13,20.17,,,,,2881.77001953125
2019-08-07,1.71,1.59,1.98,0.12,19.49,,,,,2883.97998046875
2019-08-08,1.72,1.62,1.98,0.1,16.91,,,,,2938.090087890625
2019-08-09,1.74,1.63,1.96,0.11,17.97,,,,,2918.64990234375
2019-08-12,1.65,1.58,1.96,0.07,21.09,,,,,2882.699951171875
2019-08-13,1.68,1.66,1.96,0.02,17.52,,,,,2926.320068359375
2019-08-14,1.59,1.58,1.92,0.01,22.1,,,,,2840.60009765625
2019-08-15,1.52,1.48,1.87,0.04,21.18,,,,,2847.60009765625
2019-08-16,1.55,1.48,1.83,0.07,18.47,,,,,2888.679931640625
2019-08-19,1.6,1.53,1.9,0.07,16.88,,,,,2923.64990234375
2019-08-20,1.55,1.5,1.9,0.05,17.5,,,,,2900.510009765625
2019-08-21,1.59,1.56,1.93,0.03,15.8,,,,,2924.429931640625
2019-08-22,1.62,1.61,1.96,0.01,16.68,,,,,2922.949951171875
2019-08-23,1.52,1.51,1.93,0.01,19.87,,,,,2847.110107421875
2019-08-26,1.54,1.54,1.96,0.0,19.32,,,,,2878.3798828125
2019-08-27,1.49,1.53,1.94,-0.04,20.31,,,,,2869.159912109375
2019-08-28,1.47,1.5,1.95,-0.03,19.35,,,,,2887.93994140625
2019-08-29,1.5,1.53,1.95,-0.03,17.88,,,,,2924.580078125
2019-08-30,1.5,1.5,1.95,0.0,18.98,,,,,2926.4599609375
2019-09-01,,,,,,3.5,102.2917,151365.0,2.04,
2019-09-02,,,,,,,,,,
2019-09-03,1.47,1.47,1.94,0.0,19.66,,,,,2906.27001953125
2019-09-04,1.47,1.43,1.93,0.04,17.33,,,,,2937.780029296875
2019-09-05,1.57,1.55,1.93,0.02,16.27,,,,,2976.0
2019-09-06,1.55,1.53,1.92,0.02,15.0,,,,,2978.7099609375
2019-09-09,1.63,1.58,1.92,0.05,15.27,,,,,2978.429931640625
2019-09-10,1.72,1.67,1.91,0.05,15.2,,,,,2979.389892578125
2019-09-11,1.75,1.68,1.92,0.07,14.61,,,,,3000.929931640625
2019-09-12,1.79,1.72,1.91,0.07,14.22,,,,,3009.570068359375
2019-09-13,1.9,1.79,1.92,0.11,13.74,,,,,3007.389892578125
2019-09-16,1.84,1.74,1.95,0.1,14.67,,,,,2997.9599609375
2019-09-17,1.81,1.72,1.95,0.09,14.44,,,,,3005.699951171875
2019-09-18,1.8,1.77,1.91,0.03,13.95,,,,,3006.72998046875
2019-09-19,1.79,1.74,1.89,0.05,14.05,,,,,3006.7900390625
2019-09-20,1.74,1.69,1.87,0.05,15.32,,,,,2992.070068359375
2019-09-23,1.72,1.68,1.9,0.04,14.91,,,,,2991.780029296875
2019-09-24,1.64,1.6,1.88,0.04,17.05,,,,,2966.60009765625
2019-09-25,1.73,1.68,1.85,0.05,15.96,,,,,2984.8701171875
2019-09-26,1.7,1.66,1.79,0.04,16.07,,,,,2977.6201171875
2019-09-27,1.69,1.63,1.76,0.06,17.22,,,,,2961.7900390625
2019-09-30,1.68,1.63,1.84,0.05,16.24,,,,,2976.739990234375
2019-10-01,1.65,1.56,1.78,0.09,18.56,3.6,101.4281,151460.0,1.83,2940.25
2019-10-02,1.6,1.48,1.75,0.12,20.56,,,,,2887.610107421875
2019-10-03,1.54,1.39,1.67,0.15,19.12,,,,,2910.6298828125
2019-10-04,1.52,1.4,1.68,0.12,17.04,,,,,2952.010009765625
2019-10-07,1.56,1.46,1.71,0.1,17.86,,,,,2938.7900390625
2019-10-08,1.54,1.42,1.68,0.12,20.28,,,,,2893.06005859375
2019-10-09,1.59,1.47,1.66,0.12,18.64,,,,,2919.39990234375
2019-10-10,1.67,1.53,1.65,0.14,17.57,,,,,2938.1298828125
2019-10-11,1.76,1.63,1.65,0.13,15.58,,,,,2970.27001953125
2019-10-14,,,,,14.57,,,,,2966.14990234375
2019-10-15,1.77,1.61,1.64,0.16,13.54,,,,,2995.679931640625
2019-10-16,1.75,1.58,1.63,0.17,13.68,,,,,2989.68994140625
2019-10-17,1.76,1.6,1.63,0.16,13.79,,,,,2997.949951171875
2019-10-18,1.76,1.58,1.63,0.18,14.25,,,,,2986.199951171875
2019-10-21,1.8,1.62,1.64,0.18,14.0,,,,,3006.719970703125
2019-10-22,1.78,1.6,1.62,0.18,14.46,,,,,2995.989990234375
2019-10-23,1.77,1.58,1.62,0.19,14.01,,,,,3004.52001953125
2019-10-24,1.77,1.58,1.64,0.19,13.71,,,,,3010.2900390625
2019-10-25,1.8,1.63,1.63,0.17,12.65,,,,,3022.550048828125
2019-10-28,1.85,1.64,1.62,0.21,13.11,,,,,3039.419921875
2019-10-29,1.84,1.64,1.6,0.2,13.2,,,,,3036.889892578125
2019-10-30,1.78,1.61,1.59,0.17,12.33,,,,,3046.77001953125
2019-10-31,1.69,1.52,1.51,0.17,13.22,,,,,3037.56005859375
2019-11-01,1.73,1.56,1.49,0.17,12.3,3.6,101.9372,151667.0,1.55,3066.909912109375
2019-11-04,1.79,1.6,1.5,0.19,12.83,,,,,3078.27001953125
2019-11-05,1.86,1.63,1.53,0.23,13.1,,,,,3074.6201171875
2019-11-06,1.81,1.61,1.53,0.2,12.62,,,,,3076.780029296875
2019-11-07,1.92,1.68,1.53,0.24,12.73,,,,,3085.179931640625
2019-11-08,1.94,1.68,1.52,0.26,12.07,,,,,3093.080078125
2019-11-11,,,,,12.69,,,,,3087.010009765625
2019-11-12,1.92,1.66,1.56,0.26,12.68,,,,,3091.840087890625
2019-11-13,1.88,1.63,1.54,0.25,13.0,,,,,3094.0400390625
2019-11-14,1.82,1.58,1.54,0.24,13.05,,,,,3096.6298828125
2019-11-15,1.84,1.61,1.54,0.23,12.05,,,,,3120.4599609375
2019-11-18,1.81,1.6,1.54,0.21,12.46,,,,,3122.030029296875
2019-11-19,1.79,1.6,1.54,0.19,12.86,,,,,3120.179931640625
2019-11-20,1.73,1.56,1.54,0.17,12.78,,,,,3108.4599609375
2019-11-21,1.77,1.6,1.55,0.17,13.13,,,,,3103.5400390625
2019-11-22,1.77,1.61,1.55,0.16,12.34,,,,,3110.2900390625
2019-11-25,1.76,1.61,1.58,0.15,11.87,,,,,3133.639892578125
2019-11-26,1.74,1.58,1.57,0.16,11.54,,,,,3140.52001953125
2019-11-27,1.77,1.63,1.59,0.14,11.75,,,,,3153.6298828125
2019-11-28,,,,,,,,,,
2019-11-29,1.78,1.61,1.56,0.17,12.62,,,,,3140.97998046875
2019-12-01,,,,,,3.6,101.7003,151794.0,1.55,
2019-12-02,1.83,1.61,1.57,0.22,14.91,,,,,3113.8701171875
2019-12-03,1.72,1.53,1.54,0.19,15.96,,,,,3093.199951171875
2019-12-04,1.77,1.58,1.52,0.19,14.8,,,,,3112.760009765625
2019-12-05,1.8,1.58,1.51,0.22,14.52,,,,,3117.429931640625
2019-12-06,1.84,1.61,1.5,0.23,13.62,,,,,3145.909912109375
2019-12-09,1.83,1.63,1.51,0.2,15.86,,,,,3135.9599609375
2019-12-10,1.85,1.65,1.53,0.2,15.68,,,,,3132.52001953125
2019-12-11,1.79,1.61,1.54,0.18,14.99,,,,,3141.6298828125
2019-12-12,1.9,1.66,1.53,0.24,13.94,,,,,3168.570068359375
2019-12-13,1.82,1.61,1.54,0.21,12.63,,,,,3168.800048828125
2019-12-16,1.89,1.65,1.54,0.24,12.14,,,,,3191.449951171875
2019-12-17,1.89,1.63,1.53,0.26,12.29,,,,,3192.52001953125
2019-12-18,1.92,1.63,1.53,0.29,12.58,,,,,3191.139892578125
2019-12-19,1.92,1.62,1.54,0.3,12.5,,,,,3205.3701171875
2019-12-20,1.92,1.63,1.55,0.29,12.51,,,,,3221.219970703125
2019-12-23,1.93,1.64,1.56,0.29,12.61,,,,,3224.010009765625
2019-12-24,1.9,1.62,1.55,0.28,12.67,,,,,3223.3798828125
2019-12-25,,,,,,,,,,
2019-12-26,1.9,1.64,1.55,0.26,12.65,,,,,3239.909912109375
2019-12-27,1.88,1.59,1.54,0.29,13.43,,,,,3240.02001953125
2019-12-30,1.9,1.58,1.54,0.32,14.82,,,,,3221.2900390625
2019-12-31,1.92,1.58,1.52,0.34,13.78,,,,,3230.780029296875
2020-01-01,,,,,,3.6,101.0338,152031.0,1.55,
2020-01-02,1.88,1.58,1.51,0.3,12.47,,,,,3257.85009765625
2020-01-03,1.8,1.53,1.49,0.27,14.02,,,,,3234.85009765625
2020-01-06,1.81,1.54,1.53,0.27,13.85,,,,,3246.280029296875
2020-01-07,1.83,1.54,1.51,0.29,13.79,,,,,3237.179931640625
2020-01-08,1.87,1.58,1.51,0.29,13.45,,,,,3253.050048828125
2020-01-09,1.85,1.58,1.51,0.27,12.54,,,,,3274.699951171875
2020-01-10,1.83,1.56,1.51,0.27,12.56,,,,,3265.35009765625
2020-01-13,1.85,1.58,1.54,0.27,12.32,,,,,3288.1298828125
2020-01-14,1.82,1.58,1.54,0.24,12.39,,,,,3283.14990234375
2020-01-15,1.79,1.56,1.54,0.23,12.42,,,,,3289.2900390625
2020-01-16,1.81,1.58,1.52,0.23,12.32,,,,,3316.81005859375
2020-01-17,1.84,1.58,1.53,0.26,12.1,,,,,3329.6201171875
2020-01-20,,,,,,,,,,
2020-01-21,1.78,1.53,1.53,0.25,12.85,,,,,3320.7900390625
2020-01-22,1.77,1.53,1.52,0.24,12.91,,,,,3321.75
2020-01-23,1.74,1.51,1.52,0.23,12.98,,,,,3325.5400390625
2020-01-24,1.7,1.49,1.51,0.21,14.56,,,,,3295.469970703125
2020-01-27,1.61,1.44,1.52,0.17,18.23,,,,,3243.6298828125
2020-01-28,1.65,1.45,1.54,0.2,16.28,,,,,3276.239990234375
2020-01-29,1.6,1.42,1.53,0.18,16.39,,,,,3273.39990234375
2020-01-30,1.57,1.41,1.54,0.16,15.49,,,,,3283.659912109375
2020-01-31,1.51,1.33,1.52,0.18,18.84,,,,,3225.52001953125
2020-02-01,,,,,,3.5,101.3735,152293.0,1.58,
2020-02-03,1.54,1.36,1.54,0.18,17.97,,,,,3248.919921875
2020-02-04,1.61,1.41,1.54,0.2,16.05,,,,,3297.590087890625
2020-02-05,1.66,1.44,1.54,0.22,15.15,,,,,3334.68994140625
2020-02-06,1.65,1.44,1.54,0.21,14.96,,,,,3345.780029296875
2020-02-07,1.59,1.41,1.53,0.18,15.47,,,,,3327.7099609375
2020-02-10,1.56,1.37,1.55,0.19,15.04,,,,,3352.090087890625
2020-02-11,1.59,1.41,1.54,0.18,15.18,,,,,3357.75
2020-02-12,1.62,1.44,1.55,0.18,13.74,,,,,3379.449951171875
2020-02-13,1.61,1.44,1.56,0.17,14.15,,,,,3373.93994140625
2020-02-14,1.59,1.42,1.55,0.17,13.68,,,,,3380.159912109375
2020-02-17,,,,,,,,,,
2020-02-18,1.55,1.41,1.55,0.14,14.83,,,,,3370.2900390625
2020-02-19,1.56,1.42,1.55,0.14,14.38,,,,,3386.14990234375
2020-02-20,1.52,1.39,1.55,0.13,15.56,,,,,3373.22998046875
2020-02-21,1.46,1.34,1.53,0.12,17.08,,,,,3337.75
2020-02-24,1.38,1.26,1.5,0.12,25.03,,,,,3225.889892578125
2020-02-25,1.33,1.2,1.5,0.13,27.85,,,,,3128.2099609375
2020-02-26,1.33,1.16,1.5,0.17,27.56,,,,,3116.389892578125
2020-02-27,1.3,1.11,1.42,0.19,39.16,,,,,2978.760009765625
2020-02-28,1.13,0.86,1.25,0.27,40.11,,,,,2954.219970703125
2020-03-01,,,,,,4.4,97.4078,150895.0,0.65,
2020-03-02,1.1,0.84,1.1,0.26,33.42,,,,,3090.22998046875
2020-03-03,1.02,0.71,0.93,0.31,36.82,,,,,3003.3701171875
2020-03-04,1.02,0.67,0.71,0.35,31.99,,,,,3130.1201171875
2020-03-05,0.92,0.59,0.61,0.33,39.62,,,,,3023.93994140625
2020-03-06,0.74,0.49,0.45,0.25,41.94,,,,,2972.3701171875
2020-03-09,0.54,0.38,0.32,0.16,54.46,,,,,2746.56005859375
2020-03-10,0.76,0.5,0.43,0.26,47.3,,,,,2882.22998046875
2020-03-11,0.82,0.5,0.41,0.32,53.9,,,,,2741.3798828125
2020-03-12,0.88,0.5,0.33,0.38,75.47,,,,,2480.639892578125
2020-03-13,0.94,0.49,0.27,0.45,57.83,,,,,2711.02001953125
2020-03-16,0.73,0.36,0.24,0.37,82.69,,,,,2386.1298828125
2020-03-17,1.02,0.47,0.19,0.55,75.91,,,,,2529.18994140625
2020-03-18,1.18,0.54,0.02,0.64,76.45,,,,,2398.10009765625
2020-03-19,1.12,0.44,0.04,0.68,72.0,,,,,2409.389892578125
2020-03-20,0.92,0.37,0.05,0.55,66.04,,,,,2304.919921875
2020-03-23,0.76,0.28,0.02,0.48,61.59,,,,,2237.39990234375
2020-03-24,0.84,0.38,0.01,0.46,61.67,,,,,2447.330078125
2020-03-25,0.88,0.34,-0.04,0.54,63.95,,,,,2475.56005859375
2020-03-26,0.83,0.3,-0.05,0.53,61.0,,,,,2630.070068359375
2020-03-27,0.72,0.25,0.03,0.47,65.54,,,,,2541.469970703125
2020-03-30,0.7,0.23,0.12,0.47,57.08,,,,,2626.64990234375
2020-03-31,0.7,0.23,0.11,0.47,53.54,,,,,2584.590087890625
2020-04-01,0.62,0.23,0.09,0.39,57.06,14.8,84.5619,130426.0,0.05,2470.5
2020-04-02,0.63,0.23,0.09,0.4,50.91,,,,,2526.89990234375
2020-04-03,0.62,0.23,0.1,0.39,46.8,,,,,2488.64990234375
2020-04-06,0.67,0.27,0.15,0.4,45.24,,,,,2663.679931640625
2020-04-07,0.75,0.28,0.14,0.47,46.7,,,,,2659.409912109375
2020-04-08,0.77,0.27,0.22,0.5,43.35,,,,,2749.97998046875
2020-04-09,0.73,0.23,0.25,0.5,41.67,,,,,2789.820068359375
2020-04-10,,,,,,,,,,
2020-04-13,0.76,0.25,0.26,0.51,41.17,,,,,2761.6298828125
2020-04-14,0.76,0.23,0.2,0.53,37.76,,,,,2846.06005859375
2020-04-15,0.63,0.2,0.14,0.43,40.84,,,,,2783.360107421875
2020-04-16,0.61,0.2,0.14,0.41,40.11,,,,,2799.550048828125
2020-04-17,0.65,0.2,0.12,0.45,38.15,,,,,2874.56005859375
2020-04-20,0.63,0.2,0.12,0.43,43.83,,,,,2823.159912109375
2020-04-21,0.58,0.2,0.11,0.38,45.41,,,,,2736.56005859375
2020-04-22,0.63,0.22,0.12,0.41,41.98,,,,,2799.31005859375
2020-04-23,0.61,0.22,0.11,0.39,41.38,,,,,2797.800048828125
2020-04-24,0.6,0.22,0.12,0.38,35.93,,,,,2836.739990234375
2020-04-27,0.67,0.24,0.12,0.43,33.29,,,,,2878.47998046875
2020-04-28,0.62,0.2,0.11,0.42,33.57,,,,,2863.389892578125
2020-04-29,0.63,0.2,0.1,0.43,31.23,,,,,2939.510009765625
2020-04-30,0.64,0.2,0.09,0.44,34.15,,,,,2912.429931640625
2020-05-01,0.64,0.2,0.12,0.44,37.19,13.2,85.9604,133040.0,0.05,2830.7099609375
2020-05-04,0.64,0.19,0.13,0.45,35.97,,,,,2842.739990234375
2020-05-05,0.66,0.19,0.13,0.47,33.61,,,,,2868.43994140625
2020-05-06,0.72,0.17,0.12,0.55,34.12,,,,,2848.419921875
2020-05-07,0.63,0.13,0.11,0.5,31.44,,,,,2881.18994140625
2020-05-08,0.69,0.16,0.12,0.53,27.98,,,,,2929.800048828125
2020-05-11,0.73,0.17,0.12,0.56,27.57,,,,,2930.18994140625
2020-05-12,0.69,0.17,0.13,0.52,33.04,,,,,2870.1201171875
2020-05-13,0.64,0.16,0.13,0.48,35.28,,,,,2820.0
2020-05-14,0.63,0.16,0.12,0.47,32.61,,,,,2852.5
2020-05-15,0.64,0.16,0.12,0.48,31.89,,,,,2863.699951171875
2020-05-18,0.73,0.18,0.13,0.55,29.3,,,,,2953.909912109375
2020-05-19,0.7,0.17,0.13,0.53,30.53,,,,,2922.93994140625
2020-05-20,0.68,0.16,0.12,0.52,27.99,,,,,2971.610107421875
2020-05-21,0.68,0.17,0.12,0.51,29.53,,,,,2948.510009765625
2020-05-22,0.66,0.17,0.12,0.49,28.16,,,,,2955.449951171875
2020-05-25,,,,,,,,,,
2020-05-26,0.69,0.18,0.14,0.51,28.01,,,,,2991.77001953125
2020-05-27,0.68,0.19,0.15,0.49,27.62,,,,,3036.1298828125
2020-05-28,0.7,0.17,0.15,0.53,28.59,,,,,3029.72998046875
2020-05-29,0.65,0.16,0.14,0.49,27.51,,,,,3044.31005859375
2020-06-01,0.66,0.14,0.14,0.52,28.23,11.0,91.5934,137671.0,0.08,3055.72998046875
2020-06-02,0.68,0.17,0.15,0.51,26.84,,,,,3080.820068359375
2020-06-03,0.77,0.19,0.16,0.58,25.66,,,,,3122.8701171875
2020-06-04,0.82,0.19,0.15,0.63,25.81,,,,,3112.35009765625
2020-06-05,0.91,0.22,0.15,0.69,24.52,,,,,3193.929931640625
2020-06-08,0.88,0.22,0.17,0.66,25.81,,,,,3232.389892578125
2020-06-09,0.84,0.2,0.19,0.64,27.57,,,,,3207.179931640625
2020-06-10,0.75,0.17,0.17,0.58,27.57,,,,,3190.139892578125
2020-06-11,0.66,0.19,0.17,0.47,40.79,,,,,3002.10009765625
2020-06-12,0.71,0.19,0.16,0.52,36.09,,,,,3041.31005859375
2020-06-15,0.71,0.19,0.18,0.52,34.4,,,,,3066.590087890625
2020-06-16,0.75,0.21,0.17,0.54,33.67,,,,,3124.739990234375
2020-06-17,0.74,0.19,0.17,0.55,33.47,,,,,3113.489990234375
2020-06-18,0.71,0.19,0.16,0.52,32.94,,,,,3115.340087890625
2020-06-19,0.7,0.19,0.15,0.51,35.12,,,,,3097.739990234375
2020-06-22,0.71,0.19,0.16,0.52,31.77,,,,,3117.860107421875
2020-06-23,0.72,0.18,0.16,0.54,31.37,,,,,3131.2900390625
2020-06-24,0.69,0.19,0.15,0.5,33.84,,,,,3050.330078125
2020-06-25,0.68,0.17,0.16,0.51,32.22,,,,,3083.760009765625
2020-06-26,0.64,0.17,0.14,0.47,34.73,,,,,3009.050048828125
2020-06-29,0.64,0.16,0.14,0.48,31.78,,,,,3053.239990234375
2020-06-30,0.66,0.16,0.16,0.5,30.43,,,,,3100.2900390625
2020-07-01,0.69,0.17,0.14,0.52,28.62,10.2,95.0256,139255.0,0.09,3115.860107421875
2020-07-02,0.68,0.16,0.14,0.52,27.68,,,,,3130.010009765625
2020-07-03,,,,,,,,,,
2020-07-06,0.69,0.16,0.15,0.53,27.94,,,,,3179.719970703125
2020-07-07,0.65,0.16,0.15,0.49,29.43,,,,,3145.320068359375
2020-07-08,0.67,0.16,0.15,0.51,28.08,,,,,3169.93994140625
2020-07-09,0.62,0.16,0.13,0.46,29.26,,,,,3152.050048828125
2020-07-10,0.65,0.16,0.13,0.49,27.29,,,,,3185.0400390625
2020-07-13,0.64,0.16,0.14,0.48,32.19,,,,,3155.219970703125
2020-07-14,0.63,0.14,0.15,0.49,29.52,,,,,3197.52001953125
2020-07-15,0.64,0.16,0.16,0.48,27.76,,,,,3226.56005859375
2020-07-16,0.62,0.16,0.11,0.46,28.0,,,,,3215.570068359375
2020-07-17,0.64,0.14,0.11,0.5,25.68,,,,,3224.72998046875
2020-07-20,0.62,0.16,0.13,0.46,24.46,,,,,3251.840087890625
2020-07-21,0.61,0.14,0.13,0.47,24.84,,,,,3257.300048828125
2020-07-22,0.6,0.14,0.13,0.46,24.32,,,,,3276.02001953125
2020-07-23,0.59,0.16,0.12,0.43,26.08,,,,,3235.659912109375
2020-07-24,0.59,0.14,0.11,0.45,25.84,,,,,3215.6298828125
2020-07-27,0.62,0.15,0.11,0.47,24.74,,,,,3239.409912109375
2020-07-28,0.59,0.14,0.11,0.45,25.44,,,,,3218.43994140625
2020-07-29,0.58,0.12,0.11,0.46,24.1,,,,,3258.43994140625
2020-07-30,0.55,0.11,0.09,0.44,24.76,,,,,3246.219970703125
2020-07-31,0.55,0.11,0.09,0.44,24.46,,,,,3271.1201171875
2020-08-01,,,,,,8.4,95.9549,140821.0,0.1,
2020-08-03,0.56,0.11,0.1,0.45,24.28,,,,,3294.610107421875
2020-08-04,0.52,0.11,0.09,0.41,23.76,,,,,3306.510009765625
2020-08-05,0.55,0.11,0.1,0.44,22.99,,,,,3327.77001953125
2020-08-06,0.55,0.11,0.1,0.44,22.65,,,,,3349.159912109375
2020-08-07,0.57,0.13,0.1,0.44,22.21,,,,,3351.280029296875
2020-08-10,0.59,0.14,0.11,0.45,22.13,,,,,3360.469970703125
2020-08-11,0.64,0.16,0.11,0.48,24.03,,,,,3333.68994140625
2020-08-12,0.69,0.16,0.11,0.53,22.28,,,,,3380.35009765625
2020-08-13,0.71,0.16,0.1,0.55,22.13,,,,,3373.429931640625
2020-08-14,0.71,0.14,0.1,0.57,22.05,,,,,3372.85009765625
2020-08-17,0.69,0.14,0.1,0.55,21.35,,,,,3381.989990234375
2020-08-18,0.67,0.14,0.09,0.53,21.51,,,,,3389.780029296875
2020-08-19,0.68,0.14,0.11,0.54,22.54,,,,,3374.85009765625
2020-08-20,0.65,0.13,0.11,0.52,22.72,,,,,3385.510009765625
2020-08-21,0.64,0.16,0.1,0.48,22.54,,,,,3397.159912109375
2020-08-24,0.65,0.14,0.12,0.51,22.37,,,,,3431.280029296875
2020-08-25,0.69,0.15,0.11,0.54,22.03,,,,,3443.6201171875
2020-08-26,0.69,0.16,0.11,0.53,23.27,,,,,3478.72998046875
2020-08-27,0.74,0.16,0.11,0.58,24.47,,,,,3484.550048828125
2020-08-28,0.74,0.14,0.1,0.6,22.96,,,,,3508.010009765625
2020-08-31,0.72,0.14,0.11,0.58,26.41,,,,,3500.31005859375
2020-09-01,0.68,0.13,0.12,0.55,26.12,7.8,95.9669,141770.0,0.09,3526.64990234375
2020-09-02,0.66,0.14,0.12,0.52,26.57,,,,,3580.840087890625
2020-09-03,0.63,0.13,0.11,0.5,33.6,,,,,3455.06005859375
2020-09-04,0.72,0.14,0.11,0.58,30.75,,,,,3426.9599609375
2020-09-07,,,,,,,,,,
2020-09-08,0.69,0.14,0.13,0.55,31.46,,,,,3331.840087890625
2020-09-09,0.71,0.14,0.12,0.57,28.81,,,,,3398.9599609375
2020-09-10,0.68,0.14,0.12,0.54,29.71,,,,,3339.18994140625
2020-09-11,0.67,0.13,0.11,0.54,26.87,,,,,3340.969970703125
2020-09-14,0.68,0.14,0.11,0.54,25.85,,,,,3383.5400390625
2020-09-15,0.68,0.14,0.11,0.54,25.59,,,,,3401.199951171875
2020-09-16,0.69,0.14,0.12,0.55,26.04,,,,,3385.489990234375
2020-09-17,0.69,0.13,0.09,0.56,26.46,,,,,3357.010009765625
2020-09-18,0.7,0.14,0.1,0.56,25.83,,,,,3319.469970703125
2020-09-21,0.68,0.14,0.1,0.54,27.78,,,,,3281.06005859375
2020-09-22,0.68,0.13,0.1,0.55,26.86,,,,,3315.570068359375
2020-09-23,0.68,0.14,0.11,0.54,28.58,,,,,3236.919921875
2020-09-24,0.67,0.14,0.1,0.53,28.51,,,,,3246.590087890625
2020-09-25,0.66,0.12,0.1,0.54,26.38,,,,,3298.4599609375
2020-09-28,0.67,0.14,0.11,0.53,26.19,,,,,3351.60009765625
2020-09-29,0.66,0.11,0.09,0.55,26.27,,,,,3335.469970703125
2020-09-30,0.69,0.13,0.1,0.56,26.37,,,,,3363.0
2020-10-01,0.68,0.14,0.09,0.54,26.7,6.9,96.7394,142460.0,0.09,3380.800048828125
2020-10-02,0.7,0.13,0.09,0.57,27.63,,,,,3348.419921875
2020-10-05,0.78,0.14,0.1,0.64,27.96,,,,,3408.60009765625
2020-10-06,0.76,0.14,0.1,0.62,29.48,,,,,3360.969970703125
2020-10-07,0.81,0.16,0.1,0.65,28.06,,,,,3419.43994140625
2020-10-08,0.78,0.13,0.09,0.65,26.36,,,,,3446.830078125
2020-10-09,0.79,0.16,0.1,0.63,25.0,,,,,3477.139892578125
2020-10-12,,,,,25.07,,,,,3534.219970703125
2020-10-13,0.74,0.16,0.11,0.58,26.07,,,,,3511.929931640625
2020-10-14,0.73,0.14,0.12,0.59,26.4,,,,,3488.669921875
2020-10-15,0.74,0.14,0.11,0.6,26.97,,,,,3483.340087890625
2020-10-16,0.76,0.14,0.11,0.62,27.41,,,,,3483.81005859375
2020-10-19,0.78,0.16,0.11,0.62,29.18,,,,,3426.919921875
2020-10-20,0.81,0.14,0.1,0.67,29.35,,,,,3443.1201171875
2020-10-21,0.83,0.14,0.1,0.69,28.65,,,,,3435.56005859375
2020-10-22,0.87,0.16,0.09,0.71,28.11,,,,,3453.489990234375
2020-10-23,0.85,0.18,0.1,0.67,27.55,,,,,3465.389892578125
2020-10-26,0.81,0.16,0.11,0.65,32.46,,,,,3400.969970703125
2020-10-27,0.79,0.16,0.1,0.63,33.35,,,,,3390.679931640625
2020-10-28,0.79,0.16,0.1,0.63,40.28,,,,,3271.030029296875
2020-10-29,0.85,0.16,0.09,0.69,37.59,,,,,3310.110107421875
2020-10-30,0.88,0.14,0.09,0.74,38.02,,,,,3269.9599609375
2020-11-01,,,,,,6.7,97.0816,142733.0,0.09,
2020-11-02,0.87,0.16,0.09,0.71,37.13,,,,,3310.239990234375
2020-11-03,0.9,0.17,0.1,0.73,35.55,,,,,3369.159912109375
2020-11-04,0.78,0.14,0.1,0.64,29.57,,,,,3443.43994140625
2020-11-05,0.79,0.14,0.1,0.65,27.58,,,,,3510.449951171875
2020-11-06,0.83,0.16,0.1,0.67,24.86,,,,,3509.43994140625
2020-11-09,0.96,0.17,0.11,0.79,25.75,,,,,3550.5
2020-11-10,0.98,0.19,0.1,0.79,24.8,,,,,3545.530029296875
2020-11-11,,,,,23.45,,,,,3572.659912109375
2020-11-12,0.88,0.17,0.1,0.71,25.35,,,,,3537.010009765625
2020-11-13,0.89,0.17,0.09,0.72,23.1,,,,,3585.14990234375
2020-11-16,0.91,0.19,0.09,0.72,22.45,,,,,3626.909912109375
2020-11-17,0.87,0.18,0.09,0.69,22.71,,,,,3609.530029296875
2020-11-18,0.88,0.16,0.09,0.72,23.84,,,,,3567.7900390625
2020-11-19,0.86,0.18,0.07,0.68,23.11,,,,,3581.8701171875
2020-11-20,0.83,0.16,0.07,0.67,23.7,,,,,3557.5400390625
2020-11-23,0.86,0.16,0.08,0.7,22.66,,,,,3577.590087890625
2020-11-24,0.88,0.16,0.09,0.72,21.64,,,,,3635.409912109375
2020-11-25,0.88,0.17,0.09,0.71,21.25,,,,,3629.64990234375
2020-11-26,,,,,,,,,,
2020-11-27,0.84,0.16,0.09,0.68,20.84,,,,,3638.35009765625
2020-11-30,0.84,0.16,0.08,0.68,20.57,,,,,3621.6298828125
2020-12-01,0.92,0.17,0.09,0.75,20.77,6.7,98.363,142548.0,0.09,3662.449951171875
2020-12-02,0.95,0.16,0.09,0.79,21.17,,,,,3669.010009765625
2020-12-03,0.92,0.16,0.08,0.76,21.28,,,,,3666.719970703125
2020-12-04,0.97,0.16,0.09,0.81,20.79,,,,,3699.1201171875
2020-12-07,0.94,0.14,0.08,0.8,21.3,,,,,3691.9599609375
2020-12-08,0.92,0.14,0.09,0.78,20.68,,,,,3702.25
2020-12-09,0.95,0.16,0.08,0.79,22.27,,,,,3672.820068359375
2020-12-10,0.92,0.14,0.08,0.78,22.52,,,,,3668.10009765625
2020-12-11,0.9,0.11,0.08,0.79,23.31,,,,,3663.4599609375
2020-12-14,0.9,0.13,0.09,0.77,24.72,,,,,3647.489990234375
2020-12-15,0.92,0.11,0.08,0.81,22.89,,,,,3694.6201171875
2020-12-16,0.92,0.13,0.09,0.79,22.5,,,,,3701.169921875
2020-12-17,0.94,0.13,0.08,0.81,21.93,,,,,3722.47998046875
2020-12-18,0.95,0.13,0.08,0.82,21.57,,,,,3709.409912109375
2020-12-21,0.95,0.13,0.09,0.82,25.16,,,,,3694.919921875
2020-12-22,0.93,0.13,0.09,0.8,24.23,,,,,3687.260009765625
2020-12-23,0.96,0.13,0.09,0.83,23.31,,,,,3690.010009765625
2020-12-24,0.94,0.13,0.09,0.81,21.53,,,,,3703.06005859375
2020-12-25,,,,,,,,,,
2020-12-28,0.94,0.13,0.11,0.81,21.7,,,,,3735.360107421875
2020-12-29,0.94,0.12,0.1,0.82,23.08,,,,,3727.0400390625
2020-12-30,0.93,0.12,0.08,0.81,22.77,,,,,3732.0400390625
2020-12-31,0.93,0.13,0.09,0.8,22.75,,,,,3756.070068359375
2021-01-01,,,,,,6.4,98.8822,142863.0,0.09,
2021-01-04,0.93,0.11,0.09,0.82,26.97,,,,,3700.64990234375
2021-01-05,0.96,0.13,0.09,0.83,25.34,,,,,3726.860107421875
2021-01-06,1.04,0.14,0.09,0.9,25.07,,,,,3748.139892578125
2021-01-07,1.08,0.14,0.09,0.94,22.37,,,,,3803.7900390625
2021-01-08,1.13,0.14,0.08,0.99,21.56,,,,,3824.679931640625
2021-01-11,1.15,0.14,0.08,1.01,24.08,,,,,3799.610107421875
2021-01-12,1.15,0.14,0.09,1.01,23.33,,,,,3801.18994140625
2021-01-13,1.1,0.14,0.09,0.96,22.21,,,,,3809.840087890625
2021-01-14,1.15,0.16,0.09,0.99,23.25,,,,,3795.5400390625
2021-01-15,1.11,0.13,0.09,0.98,24.34,,,,,3768.25
2021-01-18,,,,,,,,,,
2021-01-19,1.1,0.14,0.09,0.96,23.24,,,,,3798.909912109375
2021-01-20,1.1,0.13,0.08,0.97,21.58,,,,,3851.85009765625
2021-01-21,1.12,0.13,0.09,0.99,21.32,,,,,3853.070068359375
2021-01-22,1.1,0.13,0.08,0.97,21.91,,,,,3841.469970703125
2021-01-25,1.05,0.13,0.09,0.92,23.19,,,,,3855.360107421875
2021-01-26,1.05,0.11,0.07,0.94,23.02,,,,,3849.6201171875
2021-01-27,1.04,0.12,0.08,0.92,37.21,,,,,3750.77001953125
2021-01-28,1.07,0.12,0.07,0.95,30.21,,,,,3787.3798828125
2021-01-29,1.11,0.11,0.06,1.0,33.09,,,,,3714.239990234375
2021-02-01,1.09,0.11,0.07,0.98,30.24,6.2,95.6149,143380.0,0.08,3773.860107421875
2021-02-02,1.12,0.11,0.07,1.01,25.56,,,,,3826.31005859375
2021-02-03,1.15,0.11,0.04,1.04,22.91,,,,,3830.169921875
2021-02-04,1.15,0.11,0.04,1.04,21.77,,,,,3871.739990234375
2021-02-05,1.19,0.09,0.03,1.1,20.87,,,,,3886.830078125
2021-02-08,1.19,0.11,0.05,1.08,21.24,,,,,3915.590087890625
2021-02-09,1.18,0.11,0.04,1.07,21.63,,,,,3911.22998046875
2021-02-10,1.15,0.11,0.05,1.04,21.99,,,,,3909.8798828125
2021-02-11,1.16,0.11,0.05,1.05,21.25,,,,,3916.3798828125
2021-02-12,1.2,0.11,0.04,1.09,19.97,,,,,3934.830078125
2021-02-15,,,,,,,,,,
2021-02-16,1.3,0.13,0.04,1.17,21.46,,,,,3932.590087890625
2021-02-17,1.29,0.11,0.04,1.18,21.5,,,,,3931.330078125
2021-02-18,1.29,0.11,0.03,1.18,22.49,,,,,3913.969970703125
2021-02-19,1.34,0.11,0.04,1.23,22.05,,,,,3906.7099609375
2021-02-22,1.37,0.11,0.03,1.26,23.45,,,,,3876.5
2021-02-23,1.37,0.11,0.04,1.26,23.11,,,,,3881.3701171875
2021-02-24,1.38,0.12,0.03,1.26,21.34,,,,,3925.429931640625
2021-02-25,1.54,0.17,0.04,1.37,28.89,,,,,3829.340087890625
2021-02-26,1.44,0.14,0.04,1.3,27.95,,,,,3811.14990234375
2021-03-01,1.45,0.13,0.05,1.32,23.35,6.1,98.3856,144232.0,0.07,3901.820068359375
2021-03-02,1.42,0.13,0.04,1.29,24.1,,,,,3870.2900390625
2021-03-03,1.47,0.14,0.05,1.33,26.67,,,,,3819.719970703125
2021-03-04,1.54,0.14,0.04,1.4,28.57,,,,,3768.469970703125
2021-03-05,1.56,0.14,0.04,1.42,24.66,,,,,3841.93994140625
2021-03-08,1.59,0.17,0.05,1.42,25.47,,,,,3821.35009765625
2021-03-09,1.55,0.17,0.05,1.38,24.03,,,,,3875.43994140625
2021-03-10,1.53,0.16,0.04,1.37,22.56,,,,,3898.81005859375
2021-03-11,1.54,0.14,0.04,1.4,21.91,,,,,3939.340087890625
2021-03-12,1.64,0.14,0.04,1.5,20.69,,,,,3943.340087890625
2021-03-15,1.62,0.14,0.04,1.48,20.03,,,,,3968.93994140625
2021-03-16,1.62,0.15,0.02,1.47,19.79,,,,,3962.7099609375
2021-03-17,1.63,0.13,0.02,1.5,19.23,,,,,3974.1201171875
2021-03-18,1.71,0.16,0.01,1.55,21.58,,,,,3915.4599609375
2021-03-19,1.74,0.16,0.01,1.58,20.95,,,,,3913.10009765625
2021-03-22,1.69,0.15,0.03,1.54,18.88,,,,,3940.590087890625
2021-03-23,1.63,0.15,0.01,1.48,20.3,,,,,3910.52001953125
2021-03-24,1.62,0.14,0.02,1.48,21.2,,,,,3889.139892578125
2021-03-25,1.63,0.14,0.02,1.49,19.81,,,,,3909.52001953125
2021-03-26,1.67,0.14,0.02,1.53,18.86,,,,,3974.5400390625
2021-03-29,1.73,0.14,0.03,1.59,20.74,,,,,3971.090087890625
2021-03-30,1.73,0.16,0.02,1.57,19.61,,,,,3958.550048828125
2021-03-31,1.74,0.16,0.03,1.58,19.4,,,,,3972.889892578125
2021-04-01,1.69,0.17,0.02,1.52,17.33,6.1,98.5587,144587.0,0.07,4019.8701171875
2021-04-02,1.72,0.19,0.02,1.53,,,,,,
2021-04-05,1.73,0.17,0.03,1.56,17.91,,,,,4077.909912109375
2021-04-06,1.67,0.16,0.02,1.51,18.12,,,,,4073.93994140625
2021-04-07,1.68,0.16,0.02,1.52,17.16,,,,,4079.949951171875
2021-04-08,1.64,0.14,0.01,1.5,16.95,,,,,4097.169921875
2021-04-09,1.67,0.16,0.02,1.51,16.69,,,,,4128.7998046875
2021-04-12,1.69,0.18,0.02,1.51,16.91,,,,,4127.990234375
2021-04-13,1.64,0.16,0.03,1.48,16.65,,,,,4141.58984375
2021-04-14,1.64,0.16,0.02,1.48,16.99,,,,,4124.66015625
2021-04-15,1.56,0.16,0.02,1.4,16.57,,,,,4170.419921875
2021-04-16,1.59,0.16,0.02,1.43,16.25,,,,,4185.47021484375
2021-04-19,1.61,0.16,0.02,1.45,17.29,,,,,4163.259765625
2021-04-20,1.58,0.15,0.03,1.43,18.68,,,,,4134.93994140625
2021-04-21,1.57,0.15,0.03,1.42,17.5,,,,,4173.419921875
2021-04-22,1.57,0.16,0.03,1.41,18.71,,,,,4134.97998046875
2021-04-23,1.58,0.16,0.03,1.42,17.33,,,,,4180.169921875
2021-04-26,1.58,0.18,0.03,1.4,17.64,,,,,4187.6201171875
2021-04-27,1.63,0.17,0.01,1.46,17.56,,,,,4186.72021484375
2021-04-28,1.63,0.17,0.01,1.46,17.28,,,,,4183.18017578125
2021-04-29,1.65,0.16,0.01,1.49,17.61,,,,,4211.47021484375
2021-04-30,1.65,0.16,0.01,1.49,18.61,,,,,4181.169921875
2021-05-01,,,,,,5.8,99.4333,145065.0,0.06,
2021-05-03,1.63,0.16,0.04,1.47,18.31,,,,,4192.66015625
2021-05-04,1.61,0.16,0.02,1.45,19.48,,,,,4164.66015625
2021-05-05,1.59,0.16,0.02,1.43,19.15,,,,,4167.58984375
2021-05-06,1.58,0.16,0.02,1.42,18.39,,,,,4201.6201171875
2021-05-07,1.6,0.14,0.02,1.46,16.69,,,,,4232.60009765625
2021-05-10,1.63,0.16,0.02,1.47,19.66,,,,,4188.43017578125
2021-05-11,1.64,0.16,0.01,1.48,21.84,,,,,4152.10009765625
2021-05-12,1.69,0.16,0.02,1.53,27.59,,,,,4063.0400390625
2021-05-13,1.66,0.16,0.02,1.5,23.13,,,,,4112.5
2021-05-14,1.63,0.16,0.01,1.47,18.81,,,,,4173.85009765625
2021-05-17,1.64,0.16,0.02,1.48,19.72,,,,,4163.2900390625
2021-05-18,1.64,0.16,0.02,1.48,21.34,,,,,4127.830078125
2021-05-19,1.68,0.16,0.01,1.52,22.18,,,,,4115.68017578125
2021-05-20,1.63,0.15,0.01,1.48,20.67,,,,,4159.1201171875
2021-05-21,1.63,0.17,0.01,1.46,20.15,,,,,4155.85986328125
2021-05-24,1.61,0.15,0.02,1.46,18.4,,,,,4197.0498046875
2021-05-25,1.56,0.15,0.02,1.41,18.84,,,,,4188.1298828125
2021-05-26,1.58,0.14,0.02,1.44,17.36,,,,,4195.990234375
2021-05-27,1.61,0.14,0.02,1.47,16.74,,,,,4200.8798828125
2021-05-28,1.58,0.14,0.01,1.44,16.76,,,,,4204.10986328125
2021-05-31,,,,,,,,,,
2021-06-01,1.62,0.16,0.02,1.46,17.9,5.9,99.7987,145820.0,0.08,4202.0400390625
2021-06-02,1.59,0.13,0.02,1.46,17.48,,,,,4208.1201171875
2021-06-03,1.63,0.16,0.02,1.47,18.04,,,,,4192.85009765625
2021-06-04,1.56,0.14,0.02,1.42,16.42,,,,,4229.89013671875
2021-06-07,1.57,0.16,0.02,1.41,16.42,,,,,4226.52001953125
2021-06-08,1.53,0.14,0.02,1.39,17.07,,,,,4227.259765625
2021-06-09,1.5,0.16,0.03,1.34,17.89,,,,,4219.5498046875
2021-06-10,1.45,0.14,0.03,1.31,16.1,,,,,4239.18017578125
2021-06-11,1.47,0.16,0.03,1.31,15.65,,,,,4247.43994140625
2021-06-14,1.51,0.16,0.03,1.35,16.39,,,,,4255.14990234375
2021-06-15,1.51,0.16,0.03,1.35,17.02,,,,,4246.58984375
2021-06-16,1.57,0.21,0.04,1.36,18.15,,,,,4223.7001953125
2021-06-17,1.52,0.23,0.04,1.29,17.75,,,,,4221.85986328125
2021-06-18,1.45,0.26,0.05,1.19,20.7,,,,,4166.4501953125
2021-06-21,1.5,0.27,0.05,1.23,17.89,,,,,4224.7900390625
2021-06-22,1.48,0.25,0.04,1.23,16.66,,,,,4246.43994140625
2021-06-23,1.5,0.26,0.05,1.24,16.32,,,,,4241.83984375
2021-06-24,1.49,0.26,0.05,1.23,15.97,,,,,4266.490234375
2021-06-25,1.54,0.28,0.06,1.26,15.62,,,,,4280.7001953125
2021-06-28,1.49,0.25,0.05,1.24,15.76,,,,,4290.60986328125
2021-06-29,1.49,0.27,0.04,1.22,16.02,,,,,4291.7998046875
2021-06-30,1.45,0.25,0.05,1.2,15.83,,,,,4297.5
2021-07-01,1.48,0.25,0.05,1.23,15.48,5.4,100.2519,146762.0,0.1,4319.93994140625
2021-07-02,1.44,0.24,0.05,1.2,15.07,,,,,4352.33984375
2021-07-05,,,,,,,,,,
2021-07-06,1.37,0.22,0.05,1.15,16.44,,,,,4343.5400390625
2021-07-07,1.33,0.22,0.05,1.11,16.2,,,,,4358.1298828125
2021-07-08,1.3,0.19,0.06,1.11,19.0,,,,,4320.81982421875
2021-07-09,1.37,0.23,0.06,1.14,16.18,,,,,4369.5498046875
2021-07-12,1.38,0.23,0.05,1.15,16.17,,,,,4384.6298828125
2021-07-13,1.42,0.26,0.05,1.16,17.12,,,,,4369.2099609375
2021-07-14,1.37,0.23,0.06,1.14,16.33,,,,,4374.2998046875
2021-07-15,1.31,0.23,0.05,1.08,17.01,,,,,4360.02978515625
2021-07-16,1.31,0.25,0.05,1.06,18.45,,,,,4327.16015625
2021-07-19,1.19,0.21,0.05,0.98,22.5,,,,,4258.490234375
2021-07-20,1.23,0.2,0.05,1.03,19.73,,,,,4323.06005859375
2021-07-21,1.3,0.22,0.05,1.08,17.91,,,,,4358.68994140625
2021-07-22,1.27,0.2,0.05,1.07,17.69,,,,,4367.47998046875
2021-07-23,1.3,0.22,0.05,1.08,17.2,,,,,4411.7900390625
2021-07-26,1.29,0.22,0.05,1.07,17.58,,,,,4422.2998046875
2021-07-27,1.25,0.2,0.05,1.05,19.36,,,,,4401.4599609375
2021-07-28,1.26,0.2,0.05,1.06,18.31,,,,,4400.64013671875
2021-07-29,1.28,0.2,0.06,1.08,17.7,,,,,4419.14990234375
2021-07-30,1.24,0.19,0.06,1.05,18.24,,,,,4395.259765625
2021-08-01,,,,,,5.1,100.0437,147314.0,0.09,
2021-08-02,1.2,0.17,0.05,1.03,19.46,,,,,4387.16015625
2021-08-03,1.19,0.17,0.05,1.02,18.04,,,,,4423.14990234375
2021-08-04,1.19,0.17,0.05,1.02,17.97,,,,,4402.66015625
2021-08-05,1.23,0.21,0.05,1.02,17.28,,,,,4429.10009765625
2021-08-06,1.31,0.21,0.06,1.1,16.15,,,,,4436.52001953125
2021-08-09,1.33,0.23,0.06,1.1,16.72,,,,,4432.35009765625
2021-08-10,1.36,0.24,0.05,1.12,16.79,,,,,4436.75
2021-08-11,1.35,0.23,0.05,1.12,16.06,,,,,4442.41015625
2021-08-12,1.36,0.23,0.06,1.13,15.59,,,,,4460.830078125
2021-08-13,1.29,0.23,0.06,1.06,15.45,,,,,4468.0
2021-08-16,1.26,0.21,0.06,1.05,16.12,,,,,4479.7099609375
2021-08-17,1.26,0.23,0.07,1.03,17.91,,,,,4448.080078125
2021-08-18,1.27,0.23,0.07,1.04,21.57,,,,,4400.27001953125
2021-08-19,1.24,0.22,0.06,1.02,21.67,,,,,4405.7998046875
2021-08-20,1.26,0.23,0.05,1.03,18.56,,,,,4441.669921875
2021-08-23,1.25,0.23,0.05,1.02,17.15,,,,,4479.52978515625
2021-08-24,1.29,0.24,0.05,1.05,17.22,,,,,4486.22998046875
2021-08-25,1.35,0.23,0.06,1.12,16.79,,,,,4496.18994140625
2021-08-26,1.34,0.25,0.05,1.09,18.84,,,,,4470.0
2021-08-27,1.31,0.22,0.05,1.09,16.39,,,,,4509.3701171875
2021-08-30,1.29,0.2,0.05,1.09,16.19,,,,,4528.7900390625
2021-08-31,1.3,0.2,0.04,1.1,16.48,,,,,4522.68017578125
2021-09-01,1.31,0.2,0.05,1.11,16.11,4.7,98.8579,147771.0,0.08,4524.08984375
2021-09-02,1.29,0.2,0.05,1.09,16.41,,,,,4536.9501953125
2021-09-03,1.33,0.21,0.05,1.12,16.41,,,,,4535.43017578125
2021-09-06,,,,,,,,,,
2021-09-07,1.38,0.22,0.05,1.16,18.14,,,,,4520.02978515625
2021-09-08,1.35,0.22,0.05,1.13,17.96,,,,,4514.06982421875
2021-09-09,1.3,0.23,0.04,1.07,18.8,,,,,4493.27978515625
2021-09-10,1.35,0.23,0.05,1.12,20.95,,,,,4458.580078125
2021-09-13,1.33,0.21,0.06,1.12,19.37,,,,,4468.72998046875
2021-09-14,1.28,0.21,0.04,1.07,19.46,,,,,4443.0498046875
2021-09-15,1.31,0.21,0.04,1.1,18.18,,,,,4480.7001953125
2021-09-16,1.34,0.23,0.04,1.11,18.69,,,,,4473.75
2021-09-17,1.37,0.23,0.04,1.14,20.81,,,,,4432.990234375
2021-09-20,1.31,0.23,0.04,1.08,25.71,,,,,4357.72998046875
2021-09-21,1.33,0.22,0.03,1.11,24.36,,,,,4354.18994140625
2021-09-22,1.32,0.25,0.03,1.07,20.87,,,,,4395.64013671875
2021-09-23,1.41,0.27,0.03,1.14,18.63,,,,,4448.97998046875
2021-09-24,1.47,0.29,0.03,1.18,17.75,,,,,4455.47998046875
2021-09-27,1.48,0.31,0.04,1.17,18.76,,,,,4443.10986328125
2021-09-28,1.54,0.31,0.04,1.23,23.25,,,,,4352.6298828125
2021-09-29,1.55,0.3,0.04,1.25,22.56,,,,,4359.4599609375
2021-09-30,1.52,0.28,0.04,1.24,23.14,,,,,4307.5400390625
2021-10-01,1.48,0.27,0.04,1.21,21.15,4.5,100.1861,148572.0,0.08,4357.0400390625
2021-10-04,1.49,0.27,0.04,1.22,22.96,,,,,4300.4599609375
2021-10-05,1.54,0.28,0.04,1.26,21.3,,,,,4345.72021484375
2021-10-06,1.53,0.3,0.04,1.23,21.0,,,,,4363.5498046875
2021-10-07,1.58,0.32,0.05,1.26,19.54,,,,,4399.759765625
2021-10-08,1.61,0.32,0.05,1.29,18.77,,,,,4391.33984375
2021-10-11,,,,,20.0,,,,,4361.18994140625
2021-10-12,1.59,0.35,0.06,1.24,19.85,,,,,4350.64990234375
2021-10-13,1.56,0.37,0.05,1.19,18.64,,,,,4363.7998046875
2021-10-14,1.52,0.36,0.05,1.16,16.86,,,,,4438.259765625
2021-10-15,1.59,0.41,0.05,1.18,16.3,,,,,4471.3701171875
2021-10-18,1.59,0.44,0.06,1.15,16.31,,,,,4486.4599609375
2021-10-19,1.65,0.41,0.05,1.24,15.7,,,,,4519.6298828125
2021-10-20,1.65,0.4,0.05,1.25,15.49,,,,,4536.18994140625
2021-10-21,1.68,0.45,0.06,1.23,15.01,,,,,4549.77978515625
2021-10-22,1.66,0.48,0.06,1.18,15.43,,,,,4544.89990234375
2021-10-25,1.64,0.47,0.06,1.17,15.24,,,,,4566.47998046875
2021-10-26,1.63,0.47,0.06,1.16,15.98,,,,,4574.7900390625
2021-10-27,1.54,0.5,0.06,1.04,16.98,,,,,4551.68017578125
2021-10-28,1.57,0.5,0.06,1.07,16.53,,,,,4596.419921875
2021-10-29,1.55,0.48,0.05,1.07,16.26,,,,,4605.3798828125
2021-11-01,1.58,0.5,0.05,1.08,16.41,4.1,100.8654,149230.0,0.08,4613.669921875
2021-11-02,1.56,0.46,0.05,1.1,16.03,,,,,4630.64990234375
2021-11-03,1.6,0.47,0.05,1.13,15.1,,,,,4660.56982421875
2021-11-04,1.53,0.41,0.04,1.12,15.44,,,,,4680.06005859375
2021-11-05,1.45,0.39,0.05,1.06,16.48,,,,,4697.52978515625
2021-11-08,1.51,0.45,0.06,1.06,17.22,,,,,4701.7001953125
2021-11-09,1.46,0.41,0.04,1.05,17.78,,,,,4685.25
2021-11-10,1.56,0.51,0.05,1.05,18.73,,,,,4646.7099609375
2021-11-11,,,,,17.66,,,,,4649.27001953125
2021-11-12,1.58,0.53,0.05,1.05,16.29,,,,,4682.85009765625
2021-11-15,1.63,0.53,0.05,1.1,16.49,,,,,4682.7998046875
2021-11-16,1.63,0.54,0.05,1.09,16.37,,,,,4700.89990234375
2021-11-17,1.6,0.52,0.05,1.08,17.11,,,,,4688.669921875
2021-11-18,1.59,0.52,0.05,1.07,17.59,,,,,4704.5400390625
2021-11-19,1.54,0.52,0.05,1.02,17.91,,,,,4697.9599609375
2021-11-22,1.63,0.63,0.05,1.0,19.17,,,,,4682.93994140625
2021-11-23,1.67,0.6,0.06,1.07,19.38,,,,,4690.7001953125
2021-11-24,1.64,0.64,0.06,1.0,18.58,,,,,4701.4599609375
2021-11-25,,,,,,,,,,
2021-11-26,1.48,0.5,0.06,0.98,28.62,,,,,4594.6201171875
2021-11-29,1.52,0.51,0.06,1.01,22.96,,,,,4655.27001953125
2021-11-30,1.43,0.52,0.05,0.91,27.19,,,,,4567.0
2021-12-01,1.43,0.56,0.06,0.87,31.12,3.9,100.5726,149816.0,0.08,4513.0400390625
2021-12-02,1.44,0.63,0.05,0.81,27.95,,,,,4577.10009765625
2021-12-03,1.35,0.6,0.06,0.75,30.67,,,,,4538.43017578125
2021-12-06,1.43,0.65,0.06,0.78,27.18,,,,,4591.669921875
2021-12-07,1.48,0.7,0.06,0.78,21.89,,,,,4686.75
2021-12-08,1.52,0.68,0.07,0.84,19.9,,,,,4701.2099609375
2021-12-09,1.49,0.7,0.06,0.79,21.58,,,,,4667.4501953125
2021-12-10,1.48,0.67,0.06,0.81,18.69,,,,,4712.02001953125
2021-12-13,1.42,0.66,0.05,0.76,20.31,,,,,4668.97021484375
2021-12-14,1.44,0.67,0.05,0.77,21.89,,,,,4634.08984375
2021-12-15,1.47,0.69,0.06,0.78,19.29,,,,,4709.85009765625
2021-12-16,1.44,0.64,0.05,0.8,20.57,,,,,4668.669921875
2021-12-17,1.41,0.66,0.05,0.75,21.57,,,,,4620.64013671875
2021-12-20,1.43,0.65,0.07,0.78,22.87,,,,,4568.02001953125
2021-12-21,1.48,0.7,0.07,0.78,21.01,,,,,4649.22998046875
2021-12-22,1.46,0.68,0.08,0.78,18.63,,,,,4696.56005859375
2021-12-23,1.5,0.71,0.08,0.79,17.96,,,,,4725.7900390625
2021-12-24,,,,,,,,,,
2021-12-27,1.48,0.76,0.06,0.72,17.68,,,,,4791.18994140625
2021-12-28,1.49,0.74,0.06,0.75,17.54,,,,,4786.35009765625
2021-12-29,1.55,0.75,0.05,0.8,16.95,,,,,4793.06005859375
2021-12-30,1.52,0.73,0.05,0.79,17.33,,,,,4778.72998046875
2021-12-31,1.52,0.73,0.06,0.79,17.22,,,,,4766.18017578125
2022-01-01,,,,,,4.0,100.1856,150006.0,0.08,
2022-01-03,1.63,0.78,0.09,0.85,16.6,,,,,4796.56005859375
2022-01-04,1.66,0.77,0.08,0.89,16.91,,,,,4793.5400390625
2022-01-05,1.71,0.83,0.09,0.88,19.73,,,,,4700.580078125
2022-01-06,1.73,0.88,0.1,0.85,19.61,,,,,4696.0498046875
2022-01-07,1.76,0.87,0.1,0.89,18.76,,,,,4677.02978515625
2022-01-10,1.78,0.92,0.13,0.86,19.4,,,,,4670.2900390625
2022-01-11,1.75,0.9,0.12,0.85,18.41,,,,,4713.06982421875
2022-01-12,1.74,0.92,0.12,0.82,17.62,,,,,4726.35009765625
2022-01-13,1.7,0.91,0.12,0.79,20.31,,,,,4659.02978515625
2022-01-14,1.78,0.99,0.13,0.79,19.19,,,,,4662.85009765625
2022-01-17,,,,,,,,,,
2022-01-18,1.87,1.06,0.17,0.81,22.79,,,,,4577.10986328125
2022-01-19,1.83,1.04,0.17,0.79,23.85,,,,,4532.759765625
2022-01-20,1.83,1.08,0.18,0.75,25.59,,,,,4482.72998046875
2022-01-21,1.75,1.01,0.17,0.74,28.85,,,,,4397.93994140625
2022-01-24,1.75,0.99,0.2,0.76,29.9,,,,,4410.1298828125
2022-01-25,1.78,1.02,0.2,0.76,31.16,,,,,4356.4501953125
2022-01-26,1.85,1.13,0.19,0.72,31.96,,,,,4349.93017578125
2022-01-27,1.81,1.18,0.2,0.63,30.49,,,,,4326.509765625
2022-01-28,1.78,1.15,0.19,0.63,27.66,,,,,4431.85009765625
2022-01-31,1.79,1.18,0.24,0.61,24.83,,,,,4515.5498046875
2022-02-01,1.81,1.18,0.2,0.63,21.96,3.9,100.8064,150825.0,0.08,4546.5400390625
2022-02-02,1.78,1.16,0.2,0.62,22.09,,,,,4589.3798828125
2022-02-03,1.82,1.19,0.21,0.63,24.35,,,,,4477.43994140625
2022-02-04,1.93,1.31,0.23,0.62,23.22,,,,,4500.52978515625
2022-02-07,1.92,1.3,0.28,0.62,22.86,,,,,4483.8701171875
2022-02-08,1.96,1.35,0.27,0.61,21.44,,,,,4521.5400390625
2022-02-09,1.94,1.36,0.27,0.58,19.96,,,,,4587.18017578125
2022-02-10,2.03,1.61,0.41,0.42,23.91,,,,,4504.080078125
2022-02-11,1.92,1.5,0.37,0.42,27.36,,,,,4418.64013671875
2022-02-14,1.98,1.58,0.45,0.4,28.33,,,,,4401.669921875
2022-02-15,2.05,1.58,0.41,0.47,25.7,,,,,4471.06982421875
2022-02-16,2.03,1.52,0.39,0.51,24.29,,,,,4475.009765625
2022-02-17,1.97,1.49,0.37,0.48,28.11,,,,,4380.259765625
2022-02-18,1.92,1.47,0.35,0.45,27.75,,,,,4348.8701171875
2022-02-21,,,,,,,,,,
2022-02-22,1.94,1.56,0.39,0.38,28.81,,,,,4304.759765625
2022-02-23,1.99,1.58,0.36,0.41,31.02,,,,,4225.5
2022-02-24,1.96,1.54,0.33,0.42,30.32,,,,,4288.7001953125
2022-02-25,1.97,1.55,0.33,0.42,27.59,,,,,4384.64990234375
2022-02-28,1.83,1.44,0.37,0.39,30.15,,,,,4373.93994140625
2022-03-01,1.72,1.31,0.32,0.41,33.32,3.7,101.3907,151315.0,0.2,4306.259765625
2022-03-02,1.86,1.5,0.33,0.36,30.74,,,,,4386.5400390625
2022-03-03,1.86,1.53,0.37,0.33,30.48,,,,,4363.490234375
2022-03-04,1.74,1.5,0.33,0.24,31.98,,,,,4328.8701171875
2022-03-07,1.78,1.55,0.38,0.23,36.45,,,,,4201.08984375
2022-03-08,1.86,1.63,0.36,0.23,35.13,,,,,4170.7001953125
2022-03-09,1.94,1.68,0.38,0.26,32.45,,,,,4277.8798828125
2022-03-10,1.98,1.72,0.38,0.26,30.23,,,,,4259.52001953125
2022-03-11,2.0,1.75,0.39,0.25,30.75,,,,,4204.31005859375
2022-03-14,2.14,1.87,0.45,0.27,31.77,,,,,4173.10986328125
2022-03-15,2.15,1.85,0.46,0.3,29.83,,,,,4262.4501953125
2022-03-16,2.19,1.95,0.43,0.24,26.67,,,,,4357.85986328125
2022-03-17,2.2,1.94,0.4,0.26,25.67,,,,,4411.669921875
2022-03-18,2.14,1.97,0.41,0.17,23.87,,,,,4463.1201171875
2022-03-21,2.32,2.14,0.55,0.18,23.53,,,,,4461.18017578125
2022-03-22,2.38,2.18,0.51,0.2,22.94,,,,,4511.60986328125
2022-03-23,2.32,2.13,0.5,0.19,23.57,,,,,4456.240234375
2022-03-24,2.34,2.13,0.5,0.21,21.67,,,,,4520.16015625
2022-03-25,2.48,2.3,0.53,0.18,20.81,,,,,4543.06005859375
2022-03-28,2.46,2.35,0.6,0.11,19.63,,,,,4575.52001953125
2022-03-29,2.41,2.35,0.56,0.06,18.9,,,,,4631.60009765625
2022-03-30,2.35,2.31,0.55,0.04,19.33,,,,,4602.4501953125
2022-03-31,2.32,2.28,0.51,0.04,20.56,,,,,4530.41015625
2022-04-01,2.39,2.44,0.52,-0.05,19.63,3.7,101.44,151623.0,0.33,4545.85986328125
2022-04-04,2.42,2.43,0.67,-0.01,18.57,,,,,4582.64013671875
2022-04-05,2.54,2.51,0.65,0.03,21.03,,,,,4525.1201171875
2022-04-06,2.61,2.5,0.67,0.11,22.1,,,,,4481.14990234375
2022-04-07,2.66,2.47,0.68,0.19,21.55,,,,,4500.2099609375
2022-04-08,2.72,2.53,0.69,0.19,21.16,,,,,4488.27978515625
2022-04-11,2.79,2.5,0.78,0.29,24.37,,,,,4412.52978515625
2022-04-12,2.72,2.39,0.74,0.33,24.26,,,,,4397.4501953125
2022-04-13,2.7,2.37,0.75,0.33,21.82,,,,,4446.58984375
2022-04-14,2.83,2.47,0.78,0.36,22.7,,,,,4392.58984375
2022-04-15,,,,,,,,,,
2022-04-18,2.85,2.46,0.82,0.39,22.17,,,,,4391.68994140625
2022-04-19,2.93,2.61,0.82,0.32,21.37,,,,,4462.2099609375
2022-04-20,2.85,2.6,0.82,0.25,20.32,,,,,4459.4501953125
2022-04-21,2.9,2.68,0.82,0.22,22.68,,,,,4393.66015625
2022-04-22,2.9,2.72,0.82,0.18,28.21,,,,,4271.77978515625
2022-04-25,2.81,2.63,0.93,0.18,27.02,,,,,4296.1201171875
2022-04-26,2.77,2.54,0.84,0.23,33.52,,,,,4175.2001953125
2022-04-27,2.82,2.58,0.82,0.24,31.6,,,,,4183.9599609375
2022-04-28,2.85,2.63,0.81,0.22,29.99,,,,,4287.5
2022-04-29,2.89,2.7,0.83,0.19,33.4,,,,,4131.93017578125
2022-05-01,,,,,,3.6,101.3335,151924.0,0.77,
2022-05-02,2.99,2.73,0.9,0.26,32.34,,,,,4155.3798828125
2022-05-03,2.97,2.78,0.9,0.19,29.25,,,,,4175.47998046875
2022-05-04,2.93,2.66,0.88,0.27,25.42,,,,,4300.169921875
2022-05-05,3.05,2.71,0.84,0.34,31.2,,,,,4146.8701171875
2022-05-06,3.12,2.72,0.84,0.4,30.19,,,,,4123.33984375
2022-05-09,3.05,2.61,0.92,0.44,34.75,,,,,3991.239990234375
2022-05-10,2.99,2.62,0.89,0.37,32.99,,,,,4001.050048828125
2022-05-11,2.91,2.66,0.9,0.25,32.56,,,,,3935.179931640625
2022-05-12,2.84,2.56,0.95,0.28,31.77,,,,,3930.080078125
2022-05-13,2.93,2.61,1.01,0.32,28.87,,,,,4023.889892578125
2022-05-16,2.88,2.58,1.07,0.3,27.47,,,,,4008.010009765625
2022-05-17,2.98,2.71,1.06,0.27,26.1,,,,,4088.85009765625
2022-05-18,2.89,2.68,1.02,0.21,30.96,,,,,3923.679931640625
2022-05-19,2.84,2.63,1.04,0.21,29.35,,,,,3900.7900390625
2022-05-20,2.78,2.6,1.01,0.18,29.43,,,,,3901.360107421875
2022-05-23,2.86,2.65,1.07,0.21,28.48,,,,,3973.75
2022-05-24,2.76,2.5,1.05,0.26,29.45,,,,,3941.47998046875
2022-05-25,2.75,2.48,1.05,0.27,28.37,,,,,3978.72998046875
2022-05-26,2.75,2.46,1.06,0.29,27.5,,,,,4057.840087890625
2022-05-27,2.74,2.47,1.06,0.27,25.72,,,,,4158.240234375
2022-05-30,,,,,26.54,,,,,
2022-05-31,2.85,2.53,1.13,0.32,26.19,,,,,4132.14990234375
2022-06-01,2.94,2.66,1.12,0.28,25.69,3.6,101.018,152358.0,1.21,4101.22998046875
2022-06-02,2.92,2.65,1.13,0.27,24.72,,,,,4176.81982421875
2022-06-03,2.96,2.66,1.17,0.3,24.79,,,,,4108.5400390625
2022-06-06,3.04,2.73,1.23,0.31,25.07,,,,,4121.43017578125
2022-06-07,2.98,2.75,1.24,0.23,24.02,,,,,4160.68017578125
2022-06-08,3.03,2.78,1.25,0.25,23.96,,,,,4115.77001953125
2022-06-09,3.04,2.83,1.26,0.21,26.09,,,,,4017.820068359375
2022-06-10,3.15,3.06,1.34,0.09,27.75,,,,,3900.860107421875
2022-06-13,3.43,3.4,1.69,0.03,34.02,,,,,3749.6298828125
2022-06-14,3.49,3.45,1.78,0.04,32.69,,,,,3735.47998046875
2022-06-15,3.33,3.2,1.69,0.13,29.62,,,,,3789.989990234375
2022-06-16,3.28,3.14,1.54,0.14,32.95,,,,,3666.77001953125
2022-06-17,3.25,3.17,1.58,0.08,31.13,,,,,3674.840087890625
2022-06-20,,,,,31.03,,,,,
2022-06-21,3.31,3.21,1.66,0.1,30.19,,,,,3764.7900390625
2022-06-22,3.16,3.06,1.57,0.1,28.95,,,,,3759.889892578125
2022-06-23,3.09,3.01,1.59,0.08,29.05,,,,,3795.72998046875
2022-06-24,3.13,3.04,1.66,0.09,27.23,,,,,3911.739990234375
2022-06-27,3.2,3.08,1.75,0.12,26.95,,,,,3900.110107421875
2022-06-28,3.2,3.1,1.75,0.1,28.36,,,,,3821.550048828125
2022-06-29,3.1,3.06,1.73,0.04,28.16,,,,,3818.830078125
2022-06-30,2.98,2.92,1.66,0.06,28.71,,,,,3785.3798828125
2022-07-01,2.88,2.84,1.66,0.04,26.7,3.5,101.223,153072.0,1.68,3825.330078125
2022-07-04,,,,,27.53,,,,,
2022-07-05,2.82,2.82,1.86,0.0,27.54,,,,,3831.389892578125
2022-07-06,2.93,2.97,1.85,-0.04,26.73,,,,,3845.080078125
2022-07-07,3.01,3.03,1.89,-0.02,26.08,,,,,3902.6201171875
2022-07-08,3.09,3.12,1.91,-0.03,24.64,,,,,3899.3798828125
2022-07-11,2.99,3.07,2.13,-0.08,26.17,,,,,3854.429931640625
2022-07-12,2.96,3.03,2.16,-0.07,27.29,,,,,3818.800048828125
2022-07-13,2.91,3.13,2.33,-0.22,26.82,,,,,3801.780029296875
2022-07-14,2.96,3.15,2.33,-0.19,26.4,,,,,3790.3798828125
2022-07-15,2.93,3.13,2.29,-0.2,24.23,,,,,3863.159912109375
2022-07-18,2.96,3.15,2.44,-0.19,25.3,,,,,3830.85009765625
2022-07-19,3.01,3.23,2.46,-0.22,24.5,,,,,3936.68994140625
2022-07-20,3.04,3.25,2.44,-0.21,23.88,,,,,3959.89990234375
2022-07-21,2.91,3.1,2.4,-0.19,23.11,,,,,3998.949951171875
2022-07-22,2.77,2.98,2.41,-0.21,23.03,,,,,3961.6298828125
2022-07-25,2.81,3.0,2.55,-0.19,23.36,,,,,3966.840087890625
2022-07-26,2.81,3.02,2.48,-0.21,24.69,,,,,3921.050048828125
2022-07-27,2.78,2.96,2.37,-0.18,23.24,,,,,4023.610107421875
2022-07-28,2.68,2.85,2.35,-0.17,22.33,,,,,4072.429931640625
2022-07-29,2.67,2.89,2.34,-0.22,21.33,,,,,4130.2900390625
2022-08-01,2.6,2.9,2.48,-0.3,22.84,3.6,101.0963,153362.0,2.33,4118.6298828125
2022-08-02,2.75,3.06,2.48,-0.31,23.93,,,,,4091.18994140625
2022-08-03,2.73,3.1,2.44,-0.37,21.95,,,,,4155.169921875
2022-08-04,2.68,3.03,2.41,-0.35,21.44,,,,,4151.93994140625
2022-08-05,2.83,3.24,2.48,-0.41,21.15,,,,,4145.18994140625
2022-08-08,2.77,3.21,2.57,-0.44,21.29,,,,,4140.06005859375
2022-08-09,2.8,3.28,2.58,-0.48,21.77,,,,,4122.47021484375
2022-08-10,2.78,3.23,2.56,-0.45,19.74,,,,,4210.240234375
2022-08-11,2.87,3.23,2.52,-0.36,20.2,,,,,4207.27001953125
2022-08-12,2.84,3.25,2.53,-0.41,19.53,,,,,4280.14990234375
2022-08-15,2.79,3.2,2.63,-0.41,19.95,,,,,4297.14013671875
2022-08-16,2.82,3.25,2.61,-0.43,19.69,,,,,4305.2001953125
2022-08-17,2.89,3.28,2.59,-0.39,19.9,,,,,4274.0400390625
2022-08-18,2.88,3.22,2.61,-0.34,19.56,,,,,4283.740234375
2022-08-19,2.98,3.25,2.64,-0.27,20.6,,,,,4228.47998046875
2022-08-22,3.03,3.32,2.74,-0.29,23.8,,,,,4137.990234375
2022-08-23,3.05,3.29,2.71,-0.24,24.11,,,,,4128.72998046875
2022-08-24,3.11,3.36,2.73,-0.25,22.82,,,,,4140.77001953125
2022-08-25,3.03,3.35,2.78,-0.32,21.78,,,,,4199.1201171875
2022-08-26,3.04,3.37,2.78,-0.33,25.56,,,,,4057.659912109375
2022-08-29,3.12,3.42,2.89,-0.3,26.21,,,,,4030.610107421875
2022-08-30,3.11,3.46,2.88,-0.35,26.21,,,,,3986.159912109375
2022-08-31,3.15,3.45,2.87,-0.3,25.87,,,,,3955.0
2022-09-01,3.26,3.51,2.88,-0.25,25.56,3.5,101.2918,153582.0,2.56,3966.85009765625
2022-09-02,3.2,3.4,2.85,-0.2,25.47,,,,,3924.260009765625
2022-09-05,,,,,25.99,,,,,
2022-09-06,3.33,3.5,2.96,-0.17,26.91,,,,,3908.18994140625
2022-09-07,3.27,3.45,2.98,-0.18,24.64,,,,,3979.8701171875
2022-09-08,3.29,3.48,2.97,-0.19,23.61,,,,,4006.179931640625
2022-09-09,3.33,3.56,2.98,-0.23,22.79,,,,,4067.360107421875
2022-09-12,3.37,3.58,3.09,-0.21,23.87,,,,,4110.41015625
2022-09-13,3.42,3.75,3.19,-0.33,27.27,,,,,3932.68994140625
2022-09-14,3.41,3.78,3.14,-0.37,26.16,,,,,3946.010009765625
2022-09-15,3.45,3.87,3.12,-0.42,26.27,,,,,3901.35009765625
2022-09-16,3.45,3.85,3.1,-0.4,26.3,,,,,3873.330078125
2022-09-19,3.49,3.95,3.29,-0.46,25.76,,,,,3899.889892578125
2022-09-20,3.57,3.96,3.26,-0.39,27.16,,,,,3855.929931640625
2022-09-21,3.51,4.02,3.21,-0.51,27.99,,,,,3789.929931640625
2022-09-22,3.7,4.11,3.19,-0.41,27.35,,,,,3757.989990234375
2022-09-23,3.69,4.2,3.12,-0.51,29.92,,,,,3693.22998046875
2022-09-26,3.88,4.27,3.3,-0.39,32.26,,,,,3655.0400390625
2022-09-27,3.97,4.3,3.26,-0.33,32.6,,,,,3647.2900390625
2022-09-28,3.72,4.07,3.29,-0.35,30.18,,,,,3719.0400390625
2022-09-29,3.76,4.16,3.26,-0.4,31.84,,,,,3640.469970703125
2022-09-30,3.83,4.22,3.22,-0.39,31.62,,,,,3585.6201171875
2022-10-01,,,,,,3.6,101.2529,153939.0,3.08,
2022-10-03,3.67,4.12,3.34,-0.45,30.1,,,,,3678.429931640625
2022-10-04,3.62,4.1,3.32,-0.48,29.07,,,,,3790.929931640625
2022-10-05,3.76,4.15,3.33,-0.39,28.55,,,,,3783.280029296875
2022-10-06,3.83,4.23,3.32,-0.4,30.52,,,,,3744.52001953125
2022-10-07,3.89,4.3,3.31,-0.41,31.36,,,,,3639.659912109375
2022-10-10,,,,,32.45,,,,,3612.389892578125
2022-10-11,3.93,4.3,3.53,-0.37,33.63,,,,,3588.840087890625
2022-10-12,3.91,4.28,3.56,-0.37,33.57,,,,,3577.030029296875
2022-10-13,3.97,4.47,3.64,-0.5,31.94,,,,,3669.909912109375
2022-10-14,4.0,4.48,3.65,-0.48,32.02,,,,,3583.070068359375
2022-10-17,4.02,4.45,3.82,-0.43,31.37,,,,,3677.949951171875
2022-10-18,4.01,4.43,3.89,-0.42,30.5,,,,,3719.97998046875
2022-10-19,4.14,4.55,3.91,-0.41,30.76,,,,,3695.159912109375
2022-10-20,4.24,4.62,3.91,-0.38,29.98,,,,,3665.780029296875
2022-10-21,4.21,4.49,3.9,-0.28,29.69,,,,,3752.75
2022-10-24,4.25,4.5,4.0,-0.25,29.85,,,,,3797.340087890625
2022-10-25,4.1,4.42,3.97,-0.32,28.46,,,,,3859.110107421875
2022-10-26,4.04,4.39,3.94,-0.35,27.28,,,,,3830.60009765625
2022-10-27,3.96,4.3,3.95,-0.34,27.39,,,,,3807.300048828125
2022-10-28,4.02,4.41,3.99,-0.39,25.75,,,,,3901.06005859375
2022-10-31,4.1,4.51,4.06,-0.41,25.88,,,,,3871.97998046875
2022-11-01,4.07,4.54,4.06,-0.47,25.81,3.6,100.9552,154242.0,3.78,3856.10009765625
2022-11-02,4.1,4.61,4.04,-0.51,25.86,,,,,3759.68994140625
2022-11-03,4.14,4.71,4.06,-0.57,25.3,,,,,3719.889892578125
2022-11-04,4.17,4.66,4.02,-0.49,24.55,,,,,3770.550048828125
2022-11-07,4.22,4.72,4.12,-0.5,24.35,,,,,3806.800048828125
2022-11-08,4.14,4.67,4.1,-0.53,25.54,,,,,3828.110107421875
2022-11-09,4.12,4.61,4.11,-0.49,26.09,,,,,3748.570068359375
2022-11-10,3.82,4.34,4.09,-0.52,23.53,,,,,3956.3701171875
2022-11-11,,,,,22.52,,,,,3992.929931640625
2022-11-14,3.88,4.4,4.16,-0.52,23.73,,,,,3957.25
2022-11-15,3.8,4.37,4.14,-0.57,24.54,,,,,3991.72998046875
2022-11-16,3.67,4.35,4.14,-0.68,24.11,,,,,3958.7900390625
2022-11-17,3.77,4.43,4.13,-0.66,23.93,,,,,3946.56005859375
2022-11-18,3.82,4.51,4.15,-0.69,23.12,,,,,3965.340087890625
2022-11-21,3.83,4.48,4.23,-0.65,22.36,,,,,3949.93994140625
2022-11-22,3.76,4.47,4.21,-0.71,21.29,,,,,4003.580078125
2022-11-23,3.71,4.46,4.21,-0.75,20.35,,,,,4027.260009765625
2022-11-24,,,,,20.42,,,,,
2022-11-25,3.68,4.42,4.22,-0.74,20.5,,,,,4026.1201171875
2022-11-28,3.69,4.46,4.3,-0.77,22.21,,,,,3963.93994140625
2022-11-29,3.75,4.48,4.27,-0.73,21.89,,,,,3957.6298828125
2022-11-30,3.68,4.38,4.27,-0.7,20.58,,,,,4080.110107421875
2022-12-01,3.53,4.25,4.22,-0.72,19.84,3.5,99.7664,154342.0,4.1,4076.570068359375
2022-12-02,3.51,4.28,4.22,-0.77,19.06,,,,,4071.699951171875
2022-12-05,3.6,4.41,4.27,-0.81,20.75,,,,,3998.840087890625
2022-12-06,3.51,4.34,4.27,-0.83,22.17,,,,,3941.260009765625
2022-12-07,3.42,4.26,4.2,-0.84,22.68,,,,,3933.919921875
2022-12-08,3.48,4.31,4.17,-0.83,22.29,,,,,3963.510009765625
2022-12-09,3.57,4.33,4.19,-0.76,22.83,,,,,3934.3798828125
2022-12-12,3.61,4.39,4.29,-0.78,25.0,,,,,3990.56005859375
2022-12-13,3.51,4.22,4.26,-0.71,22.55,,,,,4019.64990234375
2022-12-14,3.49,4.23,4.23,-0.74,21.14,,,,,3995.320068359375
2022-12-15,3.44,4.23,4.22,-0.79,22.83,,,,,3895.75
2022-12-16,3.48,4.17,4.2,-0.69,22.62,,,,,3852.360107421875
2022-12-19,3.57,4.25,4.28,-0.68,22.42,,,,,3817.659912109375
2022-12-20,3.69,4.25,4.25,-0.56,21.48,,,,,3821.6201171875
2022-12-21,3.68,4.21,4.22,-0.53,20.07,,,,,3878.43994140625
2022-12-22,3.67,4.24,4.24,-0.57,21.97,,,,,3822.389892578125
2022-12-23,3.75,4.31,4.23,-0.56,20.87,,,,,3844.820068359375
2022-12-26,,,,,,,,,,
2022-12-27,3.84,4.32,4.35,-0.48,21.65,,,,,3829.25
2022-12-28,3.88,4.31,4.35,-0.43,22.14,,,,,3783.219970703125
2022-12-29,3.83,4.34,4.34,-0.51,21.44,,,,,3849.280029296875
2022-12-30,3.88,4.41,4.3,-0.53,21.67,,,,,3839.5
2023-01-01,,,,,,3.5,100.505,154776.0,4.33,
2023-01-02,,,,,,,,,,
2023-01-03,3.79,4.4,4.4,-0.61,22.9,,,,,3824.139892578125
2023-01-04,3.69,4.36,4.41,-0.67,22.01,,,,,3852.969970703125
2023-01-05,3.71,4.45,4.51,-0.74,22.46,,,,,3808.10009765625
2023-01-06,3.55,4.24,4.51,-0.69,21.13,,,,,3895.080078125
2023-01-09,3.53,4.19,4.55,-0.66,21.97,,,,,3892.090087890625
2023-01-10,3.61,4.24,4.57,-0.63,20.58,,,,,3919.25
2023-01-11,3.54,4.2,4.57,-0.66,21.09,,,,,3969.610107421875
2023-01-12,3.43,4.12,4.5,-0.69,18.83,,,,,3983.169921875
2023-01-13,3.49,4.22,4.51,-0.73,18.35,,,,,3999.090087890625
2023-01-16,,,,,19.49,,,,,
2023-01-17,3.53,4.18,4.56,-0.65,19.36,,,,,3990.969970703125
2023-01-18,3.37,4.06,4.54,-0.69,20.34,,,,,3928.860107421875
2023-01-19,3.39,4.09,4.55,-0.7,20.52,,,,,3898.85009765625
2023-01-20,3.48,4.14,4.57,-0.66,19.85,,,,,3972.610107421875
2023-01-23,3.52,4.21,4.58,-0.69,19.81,,,,,4019.81005859375
2023-01-24,3.46,4.12,4.57,-0.66,19.2,,,,,4016.949951171875
2023-01-25,3.46,4.11,4.56,-0.65,19.08,,,,,4016.219970703125
2023-01-26,3.49,4.17,4.55,-0.68,18.73,,,,,4060.429931640625
2023-01-27,3.52,4.19,4.57,-0.67,18.51,,,,,4070.56005859375
2023-01-30,3.55,4.25,4.59,-0.7,19.94,,,,,4017.77001953125
2023-01-31,3.52,4.21,4.58,-0.69,19.4,,,,,4076.60009765625
2023-02-01,3.39,4.09,4.54,-0.7,17.87,3.6,100.6416,155066.0,4.57,4119.2099609375
2023-02-02,3.4,4.09,4.53,-0.69,18.73,,,,,4179.759765625
2023-02-03,3.53,4.3,4.57,-0.77,18.33,,,,,4136.47998046875
2023-02-06,3.63,4.44,4.59,-0.81,19.43,,,,,4111.080078125
2023-02-07,3.67,4.47,4.59,-0.8,18.66,,,,,4164.0
2023-02-08,3.63,4.45,4.59,-0.82,19.63,,,,,4117.85986328125
2023-02-09,3.67,4.48,4.64,-0.81,20.71,,,,,4081.5
2023-02-10,3.74,4.5,4.66,-0.76,20.53,,,,,4090.4599609375
2023-02-13,3.72,4.52,4.68,-0.8,20.34,,,,,4137.2900390625
2023-02-14,3.77,4.6,4.67,-0.83,18.91,,,,,4136.1298828125
2023-02-15,3.81,4.62,4.66,-0.81,18.23,,,,,4147.60009765625
2023-02-16,3.86,4.62,4.7,-0.76,20.17,,,,,4090.409912109375
2023-02-17,3.82,4.6,4.7,-0.78,20.02,,,,,4079.090087890625
2023-02-20,,,,,21.23,,,,,
2023-02-21,3.95,4.67,4.72,-0.72,22.87,,,,,3997.340087890625
2023-02-22,3.93,4.66,4.71,-0.73,22.29,,,,,3991.050048828125
2023-02-23,3.88,4.66,4.71,-0.78,21.14,,,,,4012.320068359375
2023-02-24,3.95,4.78,4.72,-0.83,21.67,,,,,3970.0400390625
2023-02-27,3.92,4.78,4.74,-0.86,20.95,,,,,3982.239990234375
2023-02-28,3.92,4.81,4.72,-0.89,20.7,,,,,3970.14990234375
2023-03-01,4.01,4.89,4.73,-0.88,20.58,3.5,101.0205,155134.0,4.65,3951.389892578125
2023-03-02,4.08,4.89,4.74,-0.81,19.59,,,,,3981.35009765625
2023-03-03,3.97,4.86,4.74,-0.89,18.49,,,,,4045.639892578125
2023-03-06,3.98,4.89,4.76,-0.91,18.61,,,,,4048.419921875
2023-03-07,3.97,5.0,4.87,-1.03,19.59,,,,,3986.3701171875
2023-03-08,3.98,5.05,4.89,-1.07,19.11,,,,,3992.010009765625
2023-03-09,3.93,4.9,4.87,-0.97,22.61,,,,,3918.320068359375
2023-03-10,3.7,4.6,4.83,-0.9,24.8,,,,,3861.590087890625
2023-03-13,3.55,4.03,4.7,-0.48,26.52,,,,,3855.760009765625
2023-03-14,3.64,4.2,4.71,-0.56,23.73,,,,,3919.2900390625
2023-03-15,3.51,3.93,4.59,-0.42,26.14,,,,,3891.929931640625
2023-03-16,3.56,4.14,4.57,-0.58,22.99,,,,,3960.280029296875
2023-03-17,3.39,3.81,4.36,-0.42,25.51,,,,,3916.639892578125
2023-03-20,3.47,3.92,4.65,-0.45,24.15,,,,,3951.570068359375
2023-03-21,3.59,4.17,4.62,-0.58,21.38,,,,,4002.8701171875
2023-03-22,3.48,3.96,4.63,-0.48,22.26,,,,,3936.969970703125
2023-03-23,3.38,3.76,4.57,-0.38,22.61,,,,,3948.719970703125
2023-03-24,3.38,3.76,4.57,-0.38,21.74,,,,,3970.989990234375
2023-03-27,3.53,3.94,4.75,-0.41,20.6,,,,,3977.530029296875
2023-03-28,3.55,4.02,4.64,-0.47,19.97,,,,,3971.27001953125
2023-03-29,3.57,4.08,4.64,-0.51,19.12,,,,,4027.81005859375
2023-03-30,3.55,4.1,4.8,-0.55,19.02,,,,,4050.830078125
2023-03-31,3.48,4.06,4.68,-0.58,18.7,,,,,4109.31005859375
2023-04-01,,,,,,3.4,101.253,155375.0,4.83,
2023-04-03,3.43,3.97,4.77,-0.54,18.55,,,,,4124.509765625
2023-04-04,3.35,3.84,4.74,-0.49,19.0,,,,,4100.60009765625
2023-04-05,3.3,3.79,4.72,-0.49,19.08,,,,,4090.3798828125
2023-04-06,3.3,3.82,4.77,-0.52,18.4,,,,,4105.02001953125
2023-04-07,3.39,3.97,4.81,-0.58,,,,,,
2023-04-10,3.41,4.0,4.94,-0.59,18.97,,,,,4109.10986328125
2023-04-11,3.43,4.03,4.89,-0.6,19.1,,,,,4108.93994140625
2023-04-12,3.41,3.95,4.87,-0.54,19.09,,,,,4091.949951171875
2023-04-13,3.45,3.96,4.95,-0.51,17.8,,,,,4146.22021484375
2023-04-14,3.52,4.08,4.98,-0.56,17.07,,,,,4137.64013671875
2023-04-17,3.6,4.18,5.06,-0.58,16.95,,,,,4151.31982421875
2023-04-18,3.58,4.19,5.04,-0.61,16.83,,,,,4154.8701171875
2023-04-19,3.6,4.24,5.01,-0.64,16.46,,,,,4154.52001953125
2023-04-20,3.54,4.14,4.97,-0.6,17.17,,,,,4129.7900390625
2023-04-21,3.57,4.17,4.98,-0.6,16.77,,,,,4133.52001953125
2023-04-24,3.52,4.12,5.04,-0.6,16.89,,,,,4137.0400390625
2023-04-25,3.4,3.86,4.97,-0.46,18.76,,,,,4071.6298828125
2023-04-26,3.43,3.9,5.0,-0.47,18.84,,,,,4055.989990234375
2023-04-27,3.53,4.07,5.03,-0.54,17.03,,,,,4135.35009765625
2023-04-28,3.44,4.04,4.95,-0.6,15.78,,,,,4169.47998046875
2023-05-01,3.59,4.14,5.1,-0.55,16.08,3.6,100.9286,155655.0,5.06,4167.8701171875
2023-05-02,3.44,3.97,5.08,-0.53,17.78,,,,,4119.580078125
2023-05-03,3.38,3.89,5.09,-0.51,18.34,,,,,4090.75
2023-05-04,3.37,3.75,5.1,-0.38,20.09,,,,,4061.219970703125
2023-05-05,3.44,3.92,5.1,-0.48,17.19,,,,,4136.25
2023-05-08,3.52,4.0,5.15,-0.48,16.98,,,,,4138.1201171875
2023-05-09,3.53,4.01,5.13,-0.48,17.71,,,,,4119.169921875
2023-05-10,3.43,3.9,5.08,-0.47,16.94,,,,,4137.64013671875
2023-05-11,3.39,3.89,5.04,-0.5,16.93,,,,,4130.6201171875
2023-05-12,3.46,3.98,5.08,-0.52,17.03,,,,,4124.080078125
2023-05-15,3.5,3.99,5.06,-0.49,17.12,,,,,4136.27978515625
2023-05-16,3.54,4.06,5.07,-0.52,17.99,,,,,4109.89990234375
2023-05-17,3.57,4.12,5.1,-0.55,16.87,,,,,4158.77001953125
2023-05-18,3.65,4.24,5.14,-0.59,16.05,,,,,4198.0498046875
2023-05-19,3.7,4.28,5.12,-0.58,16.81,,,,,4191.97998046875
2023-05-22,3.72,4.29,5.24,-0.57,17.21,,,,,4192.6298828125
2023-05-23,3.7,4.26,5.18,-0.56,18.53,,,,,4145.580078125
2023-05-24,3.73,4.31,5.21,-0.58,20.03,,,,,4115.240234375
2023-05-25,3.83,4.5,5.21,-0.67,19.14,,,,,4151.27978515625
2023-05-26,3.8,4.54,5.16,-0.74,17.95,,,,,4205.4501953125
2023-05-29,,,,,17.46,,,,,
2023-05-30,3.69,4.46,5.28,-0.77,17.46,,,,,4205.52001953125
2023-05-31,3.64,4.4,5.26,-0.76,17.94,,,,,4179.830078125
2023-06-01,3.61,4.33,5.24,-0.72,15.65,3.6,100.1196,155880.0,5.08,4221.02001953125
2023-06-02,3.69,4.5,5.23,-0.81,14.6,,,,,4282.3701171875
2023-06-05,3.69,4.46,5.2,-0.77,14.73,,,,,4273.7900390625
2023-06-06,3.7,4.51,5.18,-0.81,13.96,,,,,4283.85009765625
2023-06-07,3.79,4.56,5.16,-0.77,13.94,,,,,4267.52001953125
2023-06-08,3.73,4.52,5.12,-0.79,13.65,,,,,4293.93017578125
2023-06-09,3.75,4.59,5.11,-0.84,13.83,,,,,4298.85986328125
2023-06-12,3.73,4.55,5.14,-0.82,15.01,,,,,4338.93017578125
2023-06-13,3.84,4.67,5.11,-0.83,14.61,,,,,4369.009765625
2023-06-14,3.83,4.74,5.1,-0.91,13.88,,,,,4372.58984375
2023-06-15,3.72,4.62,5.07,-0.9,14.5,,,,,4425.83984375
2023-06-16,3.77,4.7,5.09,-0.93,13.54,,,,,4409.58984375
2023-06-19,,,,,14.19,,,,,
2023-06-20,3.74,4.68,5.14,-0.94,13.88,,,,,4388.7099609375
2023-06-21,3.72,4.68,5.15,-0.96,13.2,,,,,4365.68994140625
2023-06-22,3.8,4.77,5.15,-0.97,12.91,,,,,4381.89013671875
2023-06-23,3.74,4.71,5.15,-0.97,13.44,,,,,4348.330078125
2023-06-26,3.72,4.65,5.24,-0.93,14.25,,,,,4328.81982421875
2023-06-27,3.77,4.74,5.19,-0.97,13.74,,,,,4378.41015625
2023-06-28,3.71,4.71,5.18,-1.0,13.43,,,,,4376.85986328125
2023-06-29,3.85,4.87,5.2,-1.02,13.54,,,,,4396.43994140625
2023-06-30,3.81,4.87,5.17,-1.06,13.59,,,,,4450.3798828125
2023-07-01,,,,,,3.5,100.9067,156043.0,5.12,
2023-07-03,3.86,4.94,5.21,-1.08,13.57,,,,,4455.58984375
2023-07-04,,,,,13.7,,,,,
2023-07-05,3.95,4.94,5.21,-0.99,14.18,,,,,4446.81982421875
2023-07-06,4.05,4.99,5.23,-0.94,15.44,,,,,4411.58984375
2023-07-07,4.06,4.94,5.22,-0.88,14.83,,,,,4398.9501953125
2023-07-10,4.01,4.85,5.25,-0.84,15.07,,,,,4409.52978515625
2023-07-11,3.99,4.88,5.25,-0.89,14.84,,,,,4439.259765625
2023-07-12,3.86,4.72,5.24,-0.86,13.54,,,,,4472.16015625
2023-07-13,3.76,4.59,5.24,-0.83,13.61,,,,,4510.0400390625
2023-07-14,3.83,4.74,5.25,-0.91,13.34,,,,,4505.419921875
2023-07-17,3.81,4.74,5.26,-0.93,13.48,,,,,4522.7900390625
2023-07-18,3.8,4.74,5.25,-0.94,13.3,,,,,4554.97998046875
2023-07-19,3.75,4.74,5.26,-0.99,13.76,,,,,4565.72021484375
2023-07-20,3.85,4.8,5.26,-0.95,13.99,,,,,4534.8701171875
2023-07-21,3.84,4.82,5.27,-0.98,13.6,,,,,4536.33984375
2023-07-24,3.86,4.81,5.28,-0.95,13.91,,,,,4554.64013671875
2023-07-25,3.91,4.85,5.28,-0.94,13.86,,,,,4567.4599609375
2023-07-26,3.86,4.82,5.28,-0.96,13.19,,,,,4566.75
2023-07-27,4.01,4.91,5.28,-0.9,14.41,,,,,4537.41015625
2023-07-28,3.96,4.87,5.28,-0.91,13.33,,,,,4582.22998046875
2023-07-31,3.97,4.88,5.28,-0.91,13.63,,,,,4588.9599609375
2023-08-01,4.05,4.92,5.27,-0.87,13.93,3.7,100.8393,156261.0,5.33,4576.72998046875
2023-08-02,4.08,4.88,5.27,-0.8,16.09,,,,,4513.39013671875
2023-08-03,4.2,4.9,5.27,-0.7,15.92,,,,,4501.89013671875
2023-08-04,4.05,4.78,5.28,-0.73,17.1,,,,,4478.02978515625
2023-08-07,4.09,4.76,5.29,-0.67,15.77,,,,,4518.43994140625
2023-08-08,4.02,4.74,5.3,-0.72,15.99,,,,,4499.3798828125
2023-08-09,4.0,4.79,5.28,-0.79,15.96,,,,,4467.7099609375
2023-08-10,4.09,4.82,5.28,-0.73,15.85,,,,,4468.830078125
2023-08-11,4.16,4.89,5.28,-0.73,14.84,,,,,4464.0498046875
2023-08-14,4.19,4.96,5.29,-0.77,14.82,,,,,4489.72021484375
2023-08-15,4.21,4.92,5.29,-0.71,16.46,,,,,4437.85986328125
2023-08-16,4.28,4.97,5.29,-0.69,16.78,,,,,4404.330078125
2023-08-17,4.3,4.94,5.29,-0.64,17.89,,,,,4370.35986328125
2023-08-18,4.26,4.92,5.28,-0.66,17.3,,,,,4369.7099609375
2023-08-21,4.34,4.97,5.3,-0.63,17.13,,,,,4399.77001953125
2023-08-22,4.34,5.02,5.3,-0.68,16.97,,,,,4387.5498046875
2023-08-23,4.19,4.95,5.3,-0.76,15.98,,,,,4436.009765625
2023-08-24,4.23,4.98,5.31,-0.75,17.2,,,,,4376.31005859375
2023-08-25,4.25,5.03,5.34,-0.78,15.68,,,,,4405.7099609375
2023-08-28,4.2,4.98,5.34,-0.78,15.08,,,,,4433.31005859375
2023-08-29,4.12,4.87,5.33,-0.75,14.45,,,,,4497.6298828125
2023-08-30,4.12,4.9,5.32,-0.78,13.88,,,,,4514.8701171875
2023-08-31,4.09,4.85,5.32,-0.76,13.57,,,,,4507.66015625
2023-09-01,4.18,4.87,5.3,-0.69,13.09,3.7,101.0211,156417.0,5.33,4515.77001953125
2023-09-04,,,,,13.82,,,,,
2023-09-05,4.27,4.94,5.32,-0.67,14.01,,,,,4496.830078125
2023-09-06,4.3,5.01,5.31,-0.71,14.45,,,,,4465.47998046875
2023-09-07,4.27,4.94,5.3,-0.67,14.4,,,,,4451.14013671875
2023-09-08,4.26,4.98,5.31,-0.72,13.84,,,,,4457.490234375
2023-09-11,4.29,4.97,5.32,-0.68,13.8,,,,,4487.4599609375
2023-09-12,4.27,4.98,5.32,-0.71,14.23,,,,,4461.89990234375
2023-09-13,4.25,4.96,5.31,-0.71,13.48,,,,,4467.43994140625
2023-09-14,4.29,5.0,5.31,-0.71,12.82,,,,,4505.10009765625
2023-09-15,4.33,5.02,5.32,-0.69,13.79,,,,,4450.31982421875
2023-09-18,4.32,5.05,5.31,-0.73,14.0,,,,,4453.52978515625
2023-09-19,4.37,5.08,5.31,-0.71,14.11,,,,,4443.9501953125
2023-09-20,4.35,5.12,5.33,-0.77,15.14,,,,,4402.2001953125
2023-09-21,4.49,5.12,5.33,-0.63,17.54,,,,,4330.0
2023-09-22,4.44,5.1,5.32,-0.66,17.2,,,,,4320.06005859375
2023-09-25,4.55,5.09,5.35,-0.54,16.9,,,,,4337.43994140625
2023-09-26,4.56,5.04,5.34,-0.48,18.94,,,,,4273.52978515625
2023-09-27,4.61,5.1,5.34,-0.49,18.22,,,,,4274.509765625
2023-09-28,4.59,5.04,5.32,-0.45,17.34,,,,,4299.7001953125
2023-09-29,4.59,5.03,5.32,-0.44,17.52,,,,,4288.0498046875
2023-10-01,,,,,,3.9,100.4689,156576.0,5.33,
2023-10-02,4.69,5.12,5.35,-0.43,17.61,,,,,4288.39013671875
2023-10-03,4.81,5.15,5.35,-0.34,19.78,,,,,4229.4501953125
2023-10-04,4.73,5.05,5.34,-0.32,18.58,,,,,4263.75
2023-10-05,4.72,5.03,5.34,-0.31,18.49,,,,,4258.18994140625
2023-10-06,4.78,5.08,5.36,-0.3,17.45,,,,,4308.5
2023-10-09,,,,,17.7,,,,,4335.66015625
2023-10-10,4.66,4.96,5.34,-0.3,17.03,,,,,4358.240234375
2023-10-11,4.58,4.99,5.34,-0.41,16.09,,,,,4376.9501953125
2023-10-12,4.7,5.06,5.35,-0.36,16.69,,,,,4349.60986328125
2023-10-13,4.63,5.04,5.35,-0.41,19.32,,,,,4327.77978515625
2023-10-16,4.71,5.09,5.34,-0.38,17.21,,,,,4373.6298828125
2023-10-17,4.83,5.19,5.35,-0.36,17.88,,,,,4373.2001953125
2023-10-18,4.91,5.19,5.34,-0.28,19.22,,,,,4314.60009765625
2023-10-19,4.98,5.14,5.33,-0.16,21.4,,,,,4278.0
2023-10-20,4.93,5.07,5.31,-0.14,21.71,,,,,4224.16015625
2023-10-23,4.86,5.05,5.32,-0.19,20.37,,,,,4217.0400390625
2023-10-24,4.83,5.02,5.31,-0.19,18.97,,,,,4247.68017578125
2023-10-25,4.95,5.08,5.32,-0.13,20.19,,,,,4186.77001953125
2023-10-26,4.86,5.02,5.32,-0.16,20.68,,,,,4137.22998046875
2023-10-27,4.84,4.99,5.32,-0.15,21.27,,,,,4117.3701171875
2023-10-30,4.88,5.03,5.33,-0.15,19.75,,,,,4166.81982421875
2023-10-31,4.88,5.07,5.33,-0.19,18.14,,,,,4193.7998046875
2023-11-01,4.77,4.95,5.31,-0.18,16.87,3.7,100.8639,156703.0,5.33,4237.85986328125
2023-11-02,4.67,4.98,5.28,-0.31,15.66,,,,,4317.77978515625
2023-11-03,4.57,4.83,5.27,-0.26,14.91,,,,,4358.33984375
2023-11-06,4.67,4.93,5.29,-0.26,14.89,,,,,4365.97998046875
2023-11-07,4.58,4.91,5.28,-0.33,14.81,,,,,4378.3798828125
2023-11-08,4.49,4.93,5.28,-0.44,14.45,,,,,4382.77978515625
2023-11-09,4.62,5.03,5.27,-0.41,15.29,,,,,4347.35009765625
2023-11-10,4.61,5.04,5.26,-0.43,14.17,,,,,4415.240234375
2023-11-13,4.63,5.02,5.28,-0.39,14.76,,,,,4411.5498046875
2023-11-14,4.44,4.8,5.26,-0.36,14.16,,,,,4495.7001953125
2023-11-15,4.53,4.9,5.26,-0.37,14.18,,,,,4502.8798828125
2023-11-16,4.45,4.83,5.25,-0.38,14.32,,,,,4508.240234375
2023-11-17,4.44,4.88,5.25,-0.44,13.8,,,,,4514.02001953125
2023-11-20,4.42,4.89,5.27,-0.47,13.41,,,,,4547.3798828125
2023-11-21,4.41,4.86,5.26,-0.45,13.35,,,,,4538.18994140625
2023-11-22,4.42,4.89,5.27,-0.47,12.85,,,,,4556.6201171875
2023-11-23,,,,,12.8,,,,,
2023-11-24,4.47,4.92,5.28,-0.45,12.46,,,,,4559.33984375
2023-11-27,4.39,4.84,5.28,-0.45,12.69,,,,,4550.43017578125
2023-11-28,4.34,4.73,5.27,-0.39,12.69,,,,,4554.89013671875
2023-11-29,4.27,4.64,5.25,-0.37,12.98,,,,,4550.580078125
2023-11-30,4.37,4.73,5.25,-0.36,12.92,,,,,4567.7998046875
2023-12-01,4.22,4.56,5.23,-0.34,12.63,3.8,100.6031,156857.0,5.33,4594.6298828125
2023-12-04,4.28,4.64,5.26,-0.36,13.08,,,,,4569.77978515625
2023-12-05,4.18,4.57,5.25,-0.39,12.85,,,,,4567.18017578125
2023-12-06,4.12,4.6,5.25,-0.48,12.97,,,,,4549.33984375
2023-12-07,4.14,4.58,5.24,-0.44,13.06,,,,,4585.58984375
2023-12-08,4.23,4.71,5.24,-0.48,12.35,,,,,4604.3701171875
2023-12-11,4.23,4.71,5.26,-0.48,12.63,,,,,4622.43994140625
2023-12-12,4.2,4.73,5.26,-0.53,12.07,,,,,4643.7001953125
2023-12-13,4.04,4.46,5.24,-0.42,12.19,,,,,4707.08984375
2023-12-14,3.92,4.37,5.23,-0.45,12.48,,,,,4719.5498046875
2023-12-15,3.91,4.44,5.24,-0.53,12.28,,,,,4719.18994140625
2023-12-18,3.95,4.43,5.26,-0.48,12.56,,,,,4740.56005859375
2023-12-19,3.93,4.41,5.23,-0.48,12.53,,,,,4768.3701171875
2023-12-20,3.86,4.34,5.24,-0.48,13.67,,,,,4698.35009765625
2023-12-21,3.89,4.33,5.22,-0.44,13.65,,,,,4746.75
2023-12-22,3.9,4.31,5.24,-0.41,13.03,,,,,4754.6298828125
2023-12-25,,,,,,,,,,
2023-12-26,3.89,4.26,5.25,-0.37,12.99,,,,,4774.75
2023-12-27,3.79,4.2,5.24,-0.41,12.43,,,,,4781.580078125
2023-12-28,3.84,4.26,5.25,-0.42,12.47,,,,,4783.35009765625
2023-12-29,3.88,4.23,5.2,-0.35,12.45,,,,,4769.830078125
2024-01-01,,,,,,3.7,99.2223,157032.0,5.33,
2024-01-02,3.95,4.33,5.22,-0.38,13.2,,,,,4742.830078125
2024-01-03,3.91,4.33,5.24,-0.42,14.04,,,,,4704.81005859375
2024-01-04,3.99,4.38,5.24,-0.39,14.13,,,,,4688.68017578125
2024-01-05,4.05,4.4,5.24,-0.35,13.35,,,,,4697.240234375
2024-01-08,4.01,4.36,5.25,-0.35,13.08,,,,,4763.5400390625
2024-01-09,4.02,4.36,5.24,-0.34,12.76,,,,,4756.5
2024-01-10,4.04,4.37,5.23,-0.33,12.69,,,,,4783.4501953125
2024-01-11,3.98,4.26,5.23,-0.28,12.44,,,,,4780.240234375
2024-01-12,3.96,4.14,5.22,-0.18,12.7,,,,,4783.830078125
2024-01-15,,,,,13.25,,,,,
2024-01-16,4.07,4.22,5.22,-0.15,13.84,,,,,4765.97998046875
2024-01-17,4.1,4.34,5.24,-0.24,14.79,,,,,4739.2099609375
2024-01-18,4.14,4.34,5.22,-0.2,14.13,,,,,4780.93994140625
2024-01-19,4.15,4.39,5.22,-0.24,13.3,,,,,4839.81005859375
2024-01-22,4.11,4.37,5.22,-0.26,13.19,,,,,4850.43017578125
2024-01-23,4.14,4.31,5.21,-0.17,12.55,,,,,4864.60009765625
2024-01-24,4.18,4.34,5.21,-0.16,13.14,,,,,4868.5498046875
2024-01-25,4.14,4.28,5.21,-0.14,13.45,,,,,4894.16015625
2024-01-26,4.15,4.34,5.21,-0.19,13.26,,,,,4890.97021484375
2024-01-29,4.08,4.29,5.22,-0.21,13.6,,,,,4927.93017578125
2024-01-30,4.06,4.36,5.21,-0.3,13.31,,,,,4924.97021484375
2024-01-31,3.99,4.27,5.22,-0.28,14.35,,,,,4845.64990234375
2024-02-01,3.87,4.2,5.22,-0.33,13.88,3.9,100.285,157238.0,5.33,4906.18994140625
2024-02-02,4.03,4.36,5.23,-0.33,13.85,,,,,4958.60986328125
2024-02-05,4.17,4.46,5.22,-0.29,13.67,,,,,4942.81005859375
2024-02-06,4.09,4.39,5.23,-0.3,13.06,,,,,4954.22998046875
2024-02-07,4.09,4.41,5.23,-0.32,12.83,,,,,4995.06005859375
2024-02-08,4.15,4.46,5.23,-0.31,12.79,,,,,4997.91015625
2024-02-09,4.17,4.48,5.24,-0.31,12.93,,,,,5026.60986328125
2024-02-12,4.17,4.46,5.23,-0.29,13.93,,,,,5021.83984375
2024-02-13,4.31,4.64,5.25,-0.33,15.85,,,,,4953.169921875
2024-02-14,4.27,4.56,5.23,-0.29,14.38,,,,,5000.6201171875
2024-02-15,4.24,4.56,5.23,-0.32,14.01,,,,,5029.72998046875
2024-02-16,4.3,4.64,5.24,-0.34,14.24,,,,,5005.56982421875
2024-02-19,,,,,14.71,,,,,
2024-02-20,4.27,4.59,5.24,-0.32,15.42,,,,,4975.509765625
2024-02-21,4.32,4.64,5.24,-0.32,15.34,,,,,4981.7998046875
2024-02-22,4.33,4.69,5.25,-0.36,14.54,,,,,5087.02978515625
2024-02-23,4.26,4.67,5.26,-0.41,13.75,,,,,5088.7998046875
2024-02-26,4.28,4.69,5.26,-0.41,13.74,,,,,5069.52978515625
2024-02-27,4.31,4.7,5.25,-0.39,13.43,,,,,5078.18017578125
2024-02-28,4.27,4.64,5.24,-0.37,13.84,,,,,5069.759765625
2024-02-29,4.25,4.64,5.25,-0.39,13.4,,,,,5096.27001953125
2024-03-01,4.19,4.54,5.23,-0.35,13.11,3.9,100.4575,157466.0,5.33,5137.080078125
2024-03-04,4.22,4.61,5.24,-0.39,13.49,,,,,5130.9501953125
2024-03-05,4.13,4.54,5.23,-0.41,14.46,,,,,5078.64990234375
2024-03-06,4.11,4.55,5.24,-0.44,14.5,,,,,5104.759765625
2024-03-07,4.09,4.5,5.24,-0.41,14.44,,,,,5157.35986328125
2024-03-08,4.09,4.48,5.24,-0.39,14.74,,,,,5123.68994140625
2024-03-11,4.1,4.51,5.24,-0.41,15.22,,,,,5117.93994140625
2024-03-12,4.16,4.58,5.25,-0.42,13.84,,,,,5175.27001953125
2024-03-13,4.19,4.61,5.25,-0.42,13.75,,,,,5165.31005859375
2024-03-14,4.29,4.68,5.25,-0.39,14.4,,,,,5150.47998046875
2024-03-15,4.31,4.72,5.25,-0.41,14.41,,,,,5117.08984375
2024-03-18,4.34,4.73,5.25,-0.39,14.33,,,,,5149.419921875
2024-03-19,4.3,4.68,5.24,-0.38,13.82,,,,,5178.509765625
2024-03-20,4.27,4.59,5.24,-0.32,13.04,,,,,5224.6201171875
2024-03-21,4.27,4.62,5.25,-0.35,12.92,,,,,5241.52978515625
2024-03-22,4.22,4.59,5.24,-0.37,13.06,,,,,5234.18017578125
2024-03-25,4.25,4.54,5.23,-0.29,13.19,,,,,5218.18994140625
2024-03-26,4.24,4.56,5.22,-0.32,13.24,,,,,5203.580078125
2024-03-27,4.2,4.54,5.22,-0.34,12.78,,,,,5248.490234375
2024-03-28,4.2,4.59,5.23,-0.39,13.01,,,,,5254.35009765625
2024-03-29,,,,,,,,,,
2024-04-01,4.33,4.72,5.23,-0.39,13.65,3.9,100.2434,157530.0,5.33,5243.77001953125
2024-04-02,4.36,4.7,5.22,-0.34,14.61,,,,,5205.81005859375
2024-04-03,4.36,4.68,5.22,-0.32,14.33,,,,,5211.490234375
2024-04-04,4.31,4.65,5.21,-0.34,16.35,,,,,5147.2099609375
2024-04-05,4.39,4.73,5.23,-0.34,16.03,,,,,5204.33984375
2024-04-08,4.42,4.78,5.23,-0.36,15.19,,,,,5202.39013671875
2024-04-09,4.36,4.74,5.23,-0.38,14.98,,,,,5209.91015625
2024-04-10,4.55,4.97,5.25,-0.42,15.8,,,,,5160.64013671875
2024-04-11,4.56,4.93,5.25,-0.37,14.91,,,,,5199.06005859375
2024-04-12,4.5,4.88,5.25,-0.38,17.31,,,,,5123.41015625
2024-04-15,4.63,4.93,5.25,-0.3,19.23,,,,,5061.81982421875
2024-04-16,4.67,4.97,5.25,-0.3,18.4,,,,,5051.41015625
2024-04-17,4.59,4.93,5.25,-0.34,18.21,,,,,5022.2099609375
2024-04-18,4.64,4.98,5.25,-0.34,18.0,,,,,5011.1201171875
2024-04-19,4.62,4.97,5.25,-0.35,18.71,,,,,4967.22998046875
2024-04-22,4.62,4.97,5.22,-0.35,16.94,,,,,5010.60009765625
2024-04-23,4.61,4.86,5.25,-0.25,15.69,,,,,5070.5498046875
2024-04-24,4.65,4.89,5.26,-0.24,15.97,,,,,5071.6298828125
2024-04-25,4.7,4.96,5.26,-0.26,15.37,,,,,5048.419921875
2024-04-26,4.67,4.96,5.25,-0.29,15.03,,,,,5099.9599609375
2024-04-29,4.63,4.97,5.25,-0.34,14.67,,,,,5116.169921875
2024-04-30,4.69,5.04,5.25,-0.35,15.65,,,,,5035.68994140625
2024-05-01,4.63,4.96,5.26,-0.33,15.39,3.9,100.863,157608.0,5.33,5018.39013671875
2024-05-02,4.58,4.87,5.25,-0.29,14.68,,,,,5064.2001953125
2024-05-03,4.5,4.81,5.25,-0.31,13.49,,,,,5127.7900390625
2024-05-06,4.49,4.82,5.25,-0.33,13.49,,,,,5180.740234375
2024-05-07,4.47,4.82,5.25,-0.35,13.23,,,,,5187.7001953125
2024-05-08,4.48,4.84,5.25,-0.36,13.0,,,,,5187.669921875
2024-05-09,4.45,4.8,5.25,-0.35,12.69,,,,,5214.080078125
2024-05-10,4.5,4.87,5.26,-0.37,12.55,,,,,5222.68017578125
2024-05-13,4.48,4.85,5.25,-0.37,13.6,,,,,5221.419921875
2024-05-14,4.45,4.81,5.24,-0.36,13.42,,,,,5246.68017578125
2024-05-15,4.36,4.73,5.25,-0.37,12.45,,,,,5308.14990234375
2024-05-16,4.38,4.78,5.25,-0.4,12.42,,,,,5297.10009765625
2024-05-17,4.42,4.83,5.25,-0.41,11.99,,,,,5303.27001953125
2024-05-20,4.44,4.82,5.25,-0.38,12.15,,,,,5308.1298828125
2024-05-21,4.41,4.82,5.25,-0.41,11.86,,,,,5321.41015625
2024-05-22,4.43,4.86,5.25,-0.43,12.29,,,,,5307.009765625
2024-05-23,4.47,4.91,5.26,-0.44,12.77,,,,,5267.83984375
2024-05-24,4.46,4.93,5.26,-0.47,11.93,,,,,5304.72021484375
2024-05-27,,,,,12.36,,,,,
2024-05-28,4.54,4.94,5.26,-0.4,12.92,,,,,5306.0400390625
2024-05-29,4.61,4.96,5.26,-0.35,14.28,,,,,5266.9501953125
2024-05-30,4.55,4.92,5.26,-0.37,14.47,,,,,5235.47998046875
2024-05-31,4.51,4.89,5.25,-0.38,12.92,,,,,5277.509765625
2024-06-01,,,,,,4.1,100.894,157695.0,5.33,
2024-06-03,4.41,4.82,5.26,-0.41,13.11,,,,,5283.39990234375
2024-06-04,4.33,4.77,5.25,-0.44,13.16,,,,,5291.33984375
2024-06-05,4.29,4.72,5.25,-0.43,12.63,,,,,5354.02978515625
2024-06-06,4.28,4.72,5.25,-0.44,12.58,,,,,5352.9599609375
2024-06-07,4.43,4.87,5.26,-0.44,12.22,,,,,5346.990234375
2024-06-10,4.47,4.87,5.25,-0.4,12.74,,,,,5360.7900390625
2024-06-11,4.39,4.81,5.25,-0.42,12.85,,,,,5375.31982421875
2024-06-12,4.31,4.75,5.25,-0.44,12.04,,,,,5421.02978515625
2024-06-13,4.24,4.68,5.25,-0.44,11.94,,,,,5433.740234375
2024-06-14,4.2,4.67,5.25,-0.47,12.66,,,,,5431.60009765625
2024-06-17,4.28,4.75,5.25,-0.47,12.75,,,,,5473.22998046875
2024-06-18,4.22,4.69,5.24,-0.47,12.3,,,,,5487.02978515625
2024-06-19,,,,,12.48,,,,,
2024-06-20,4.25,4.7,5.24,-0.45,13.28,,,,,5473.169921875
2024-06-21,4.25,4.7,5.23,-0.45,13.2,,,,,5464.6201171875
2024-06-24,4.25,4.71,5.24,-0.46,13.33,,,,,5447.8701171875
2024-06-25,4.23,4.65,5.23,-0.42,12.84,,,,,5469.2998046875
2024-06-26,4.32,4.71,5.24,-0.39,12.55,,,,,5477.89990234375
2024-06-27,4.29,4.7,5.23,-0.41,12.24,,,,,5482.8701171875
2024-06-28,4.36,4.71,5.22,-0.35,12.44,,,,,5460.47998046875
2024-07-01,4.48,4.77,5.24,-0.29,12.22,4.2,99.9757,157748.0,5.33,5475.08984375
2024-07-02,4.43,4.74,5.24,-0.31,12.03,,,,,5509.009765625
2024-07-03,4.36,4.71,5.24,-0.35,12.09,,,,,5537.02001953125
2024-07-04,,,,,12.26,,,,,
2024-07-05,4.28,4.6,5.23,-0.32,12.48,,,,,5567.18994140625
2024-07-08,4.28,4.62,5.23,-0.34,12.37,,,,,5572.85009765625
2024-07-09,4.3,4.62,5.23,-0.32,12.51,,,,,5576.97998046875
2024-07-10,4.28,4.62,5.23,-0.34,12.85,,,,,5633.91015625
2024-07-11,4.2,4.5,5.21,-0.3,12.92,,,,,5584.5400390625
2024-07-12,4.18,4.45,5.21,-0.27,12.46,,,,,5615.35009765625
2024-07-15,4.23,4.44,5.2,-0.21,13.12,,,,,5631.22021484375
2024-07-16,4.17,4.43,5.2,-0.26,13.19,,,,,5667.2001953125
2024-07-17,4.16,4.42,5.2,-0.26,14.48,,,,,5588.27001953125
2024-07-18,4.2,4.46,5.21,-0.26,15.93,,,,,5544.58984375
2024-07-19,4.25,4.49,5.2,-0.24,16.52,,,,,5505.0
2024-07-22,4.26,4.5,5.19,-0.24,14.91,,,,,5564.41015625
2024-07-23,4.25,4.4,5.18,-0.15,14.72,,,,,5555.740234375
2024-07-24,4.28,4.37,5.18,-0.09,18.04,,,,,5427.1298828125
2024-07-25,4.27,4.41,5.17,-0.14,18.46,,,,,5399.22021484375
2024-07-26,4.2,4.36,5.16,-0.16,16.39,,,,,5459.10009765625
2024-07-29,4.17,4.36,5.15,-0.19,16.6,,,,,5463.5400390625
2024-07-30,4.15,4.35,5.14,-0.2,17.69,,,,,5436.43994140625
2024-07-31,4.09,4.29,5.15,-0.2,16.36,,,,,5522.2998046875
2024-08-01,3.99,4.16,5.12,-0.17,18.59,4.2,100.4309,157757.0,5.33,5446.68017578125
2024-08-02,3.8,3.88,5.05,-0.08,23.39,,,,,5346.56005859375
2024-08-05,3.78,3.89,5.09,-0.11,38.57,,,,,5186.330078125
2024-08-06,3.9,3.99,5.09,-0.09,27.71,,,,,5240.02978515625
2024-08-07,3.96,4.0,5.09,-0.04,27.85,,,,,5199.5
2024-08-08,3.99,4.04,5.09,-0.05,23.79,,,,,5319.31005859375
2024-08-09,3.94,4.05,5.09,-0.11,20.37,,,,,5344.16015625
2024-08-12,3.9,4.01,5.07,-0.11,20.71,,,,,5344.39013671875
2024-08-13,3.85,3.93,5.06,-0.08,18.12,,,,,5434.43017578125
2024-08-14,3.83,3.94,5.07,-0.11,16.19,,,,,5455.2099609375
2024-08-15,3.92,4.08,5.09,-0.16,15.23,,,,,5543.22021484375
2024-08-16,3.89,4.06,5.08,-0.17,14.8,,,,,5554.25
2024-08-19,3.86,4.06,5.06,-0.2,14.65,,,,,5608.25
2024-08-20,3.82,3.99,5.04,-0.17,15.88,,,,,5597.1201171875
2024-08-21,3.79,3.92,5.02,-0.13,16.27,,,,,5620.85009765625
2024-08-22,3.86,3.99,5.04,-0.13,17.55,,,,,5570.64013671875
2024-08-23,3.81,3.9,5.01,-0.09,15.86,,,,,5634.60986328125
2024-08-26,3.82,3.91,4.98,-0.09,16.15,,,,,5616.83984375
2024-08-27,3.83,3.83,4.98,0.0,15.43,,,,,5625.7998046875
2024-08-28,3.84,3.83,4.96,0.01,17.11,,,,,5592.18017578125
2024-08-29,3.87,3.87,4.98,0.0,15.65,,,,,5591.9599609375
2024-08-30,3.91,3.91,4.98,0.0,15.0,,,,,5648.39990234375
2024-09-01,,,,,,4.1,99.8084,157912.0,5.13,
2024-09-02,,,,,15.55,,,,,
2024-09-03,3.84,3.88,4.97,-0.04,20.72,,,,,5528.93017578125
2024-09-04,3.77,3.76,4.96,0.01,21.32,,,,,5520.06982421875
2024-09-05,3.73,3.75,4.94,-0.02,19.9,,,,,5503.41015625
2024-09-06,3.72,3.66,4.93,0.06,22.38,,,,,5408.419921875
2024-09-09,3.7,3.68,4.89,0.02,19.45,,,,,5471.0498046875
2024-09-10,3.65,3.59,4.85,0.06,19.08,,,,,5495.52001953125
2024-09-11,3.65,3.62,4.89,0.03,17.69,,,,,5554.1298828125
2024-09-12,3.68,3.64,4.85,0.04,17.07,,,,,5595.759765625
2024-09-13,3.66,3.57,4.78,0.09,16.56,,,,,5626.02001953125
2024-09-16,3.63,3.56,4.75,0.07,17.14,,,,,5633.08984375
2024-09-17,3.65,3.59,4.75,0.06,17.61,,,,,5634.580078125
2024-09-18,3.7,3.61,4.65,0.09,18.23,,,,,5618.259765625
2024-09-19,3.73,3.59,4.61,0.14,16.33,,,,,5713.64013671875
2024-09-20,3.73,3.55,4.56,0.18,16.15,,,,,5702.5498046875
2024-09-23,3.75,3.57,4.53,0.18,15.89,,,,,5718.56982421875
2024-09-24,3.74,3.49,4.5,0.25,15.39,,,,,5732.93017578125
2024-09-25,3.79,3.53,4.51,0.26,15.41,,,,,5722.259765625
2024-09-26,3.79,3.6,4.5,0.19,15.37,,,,,5745.3701171875
2024-09-27,3.75,3.55,4.5,0.2,16.96,,,,,5738.169921875
2024-09-30,3.81,3.66,4.52,0.15,16.73,,,,,5762.47998046875
2024-10-01,3.74,3.61,4.5,0.13,19.26,4.1,99.4695,157945.0,4.83,5708.75
2024-10-02,3.79,3.63,4.48,0.16,18.9,,,,,5709.5400390625
2024-10-03,3.85,3.7,4.48,0.15,20.49,,,,,5699.93994140625
2024-10-04,3.98,3.93,4.53,0.05,19.21,,,,,5751.06982421875
2024-10-07,4.03,3.99,4.55,0.04,22.64,,,,,5695.93994140625
2024-10-08,4.04,3.98,4.53,0.06,21.42,,,,,5751.1298828125
2024-10-09,4.06,3.99,4.54,0.07,20.86,,,,,5792.0400390625
2024-10-10,4.09,3.98,4.54,0.11,20.93,,,,,5780.0498046875
2024-10-11,4.08,3.95,4.53,0.13,20.46,,,,,5815.02978515625
2024-10-14,,,,,19.7,,,,,5859.85009765625
2024-10-15,4.03,3.95,4.52,0.08,20.64,,,,,5815.259765625
2024-10-16,4.02,3.93,4.51,0.09,19.58,,,,,5842.47021484375
2024-10-17,4.09,3.96,4.54,0.13,19.11,,,,,5841.47021484375
2024-10-18,4.08,3.95,4.53,0.13,18.03,,,,,5864.669921875
2024-10-21,4.19,4.02,4.51,0.17,18.37,,,,,5853.97998046875
2024-10-22,4.2,4.03,4.51,0.17,18.2,,,,,5851.2001953125
2024-10-23,4.24,4.07,4.52,0.17,19.24,,,,,5797.419921875
2024-10-24,4.21,4.07,4.5,0.14,19.08,,,,,5809.85986328125
2024-10-25,4.25,4.11,4.52,0.14,20.33,,,,,5808.1201171875
2024-10-28,4.28,4.12,4.49,0.16,19.8,,,,,5823.52001953125
2024-10-29,4.28,4.11,4.49,0.17,19.34,,,,,5832.919921875
2024-10-30,4.29,4.15,4.47,0.14,20.35,,,,,5813.669921875
2024-10-31,4.28,4.16,4.44,0.12,23.16,,,,,5705.4501953125
2024-11-01,4.37,4.21,4.41,0.16,21.88,4.2,99.2925,158079.0,4.64,5728.7998046875
2024-11-04,4.31,4.17,4.44,0.14,21.98,,,,,5712.68994140625
2024-11-05,4.26,4.19,4.43,0.07,20.49,,,,,5782.759765625
2024-11-06,4.42,4.27,4.44,0.15,16.27,,,,,5929.0400390625
2024-11-07,4.31,4.21,4.43,0.1,15.2,,,,,5973.10009765625
2024-11-08,4.3,4.26,4.43,0.04,14.94,,,,,5995.5400390625
2024-11-11,,,,,14.97,,,,,6001.35009765625
2024-11-12,4.43,4.34,4.43,0.09,14.71,,,,,5983.990234375
2024-11-13,4.44,4.27,4.4,0.17,14.02,,,,,5985.3798828125
2024-11-14,4.43,4.34,4.41,0.09,14.31,,,,,5949.169921875
2024-11-15,4.43,4.31,4.41,0.12,16.14,,,,,5870.6201171875
2024-11-18,4.42,4.29,4.42,0.13,15.58,,,,,5893.6201171875
2024-11-19,4.39,4.27,4.41,0.12,16.35,,,,,5916.97998046875
2024-11-20,4.41,4.31,4.42,0.1,17.16,,,,,5917.10986328125
2024-11-21,4.43,4.34,4.43,0.09,16.87,,,,,5948.7099609375
2024-11-22,4.41,4.37,4.43,0.04,15.24,,,,,5969.33984375
2024-11-25,4.27,4.21,4.42,0.06,14.6,,,,,5987.3701171875
2024-11-26,4.3,4.21,4.4,0.09,14.1,,,,,6021.6298828125
2024-11-27,4.25,4.19,4.4,0.06,14.1,,,,,5998.740234375
2024-11-28,,,,,13.9,,,,,
2024-11-29,4.18,4.13,4.39,0.05,13.51,,,,,6032.3798828125
2024-12-01,,,,,,4.1,100.3273,158316.0,4.48,
2024-12-02,4.19,4.17,4.38,0.02,13.34,,,,,6047.14990234375
2024-12-03,4.23,4.17,4.36,0.06,13.3,,,,,6049.8798828125
2024-12-04,4.19,4.13,4.35,0.06,13.45,,,,,6086.490234375
2024-12-05,4.17,4.15,4.34,0.02,13.54,,,,,6075.10986328125
2024-12-06,4.15,4.1,4.31,0.05,12.77,,,,,6090.27001953125
2024-12-09,4.2,4.13,4.3,0.07,14.19,,,,,6052.85009765625
2024-12-10,4.22,4.15,4.29,0.07,14.18,,,,,6034.91015625
2024-12-11,4.26,4.15,4.26,0.11,13.58,,,,,6084.18994140625
2024-12-12,4.32,4.18,4.23,0.14,13.92,,,,,6051.25
2024-12-13,4.4,4.25,4.23,0.15,13.81,,,,,6051.08984375
2024-12-16,4.39,4.25,4.25,0.14,14.69,,,,,6074.080078125
2024-12-17,4.4,4.25,4.26,0.15,15.87,,,,,6050.60986328125
2024-12-18,4.5,4.35,4.25,0.15,27.62,,,,,5872.16015625
2024-12-19,4.57,4.32,4.23,0.25,24.09,,,,,5867.080078125
2024-12-20,4.52,4.3,4.23,0.22,18.36,,,,,5930.85009765625
2024-12-23,4.59,4.3,4.24,0.29,16.78,,,,,5974.06982421875
2024-12-24,4.59,4.29,4.28,0.3,14.27,,,,,6040.0400390625
2024-12-25,,,,,,,,,,
2024-12-26,4.58,4.3,4.24,0.28,14.73,,,,,6037.58984375
2024-12-27,4.62,4.31,4.19,0.31,15.95,,,,,5970.83984375
2024-12-30,4.55,4.24,4.23,0.31,17.4,,,,,5906.93994140625
2024-12-31,4.58,4.25,4.23,0.33,17.35,,,,,5881.6298828125
2025-01-01,,,,,,4.0,100.0647,158268.0,4.33,
2025-01-02,4.57,4.25,4.22,0.32,17.93,,,,,5868.5498046875
2025-01-03,4.6,4.28,4.2,0.32,16.13,,,,,5942.47021484375
2025-01-06,4.62,4.28,4.21,0.34,16.04,,,,,5975.3798828125
2025-01-07,4.67,4.3,4.21,0.37,17.82,,,,,5909.02978515625
2025-01-08,4.67,4.28,4.21,0.39,17.7,,,,,5918.25
2025-01-09,4.68,4.27,4.21,0.41,18.07,,,,,
2025-01-10,4.77,4.4,4.22,0.37,19.54,,,,,5827.0400390625
2025-01-13,4.79,4.4,4.23,0.39,19.19,,,,,5836.22021484375
2025-01-14,4.78,4.37,4.22,0.41,18.71,,,,,5842.91015625
2025-01-15,4.66,4.27,4.21,0.39,16.12,,,,,5949.91015625
2025-01-16,4.61,4.23,4.21,0.38,16.6,,,,,5937.33984375
2025-01-17,4.61,4.27,4.2,0.34,15.97,,,,,5996.66015625
2025-01-20,,,,,15.81,,,,,
2025-01-21,4.57,4.29,4.22,0.28,15.06,,,,,6049.240234375
2025-01-22,4.6,4.29,4.22,0.31,15.1,,,,,6086.3701171875
2025-01-23,4.65,4.29,4.22,0.36,15.02,,,,,6118.7099609375
2025-01-24,4.63,4.27,4.21,0.36,14.85,,,,,6101.240234375
2025-01-27,4.53,4.17,4.2,0.36,17.9,,,,,6012.27978515625
2025-01-28,4.55,4.19,4.2,0.36,16.41,,,,,6067.7001953125
2025-01-29,4.55,4.21,4.2,0.34,16.56,,,,,6039.31005859375
2025-01-30,4.52,4.18,4.19,0.34,15.84,,,,,6071.169921875
2025-01-31,4.58,4.22,4.2,0.36,16.43,,,,,6040.52978515625
2025-02-01,,,,,,4.2,101.0993,158310.0,4.33,
2025-02-03,4.54,4.26,4.22,0.28,18.62,,,,,5994.56982421875
2025-02-04,4.52,4.21,4.22,0.31,17.21,,,,,6037.8798828125
2025-02-05,4.43,4.17,4.22,0.26,15.77,,,,,6061.47998046875
2025-02-06,4.45,4.21,4.22,0.24,15.5,,,,,6083.56982421875
2025-02-07,4.49,4.29,4.24,0.2,16.54,,,,,6025.990234375
2025-02-10,4.51,4.28,4.23,0.23,15.81,,,,,6066.43994140625
2025-02-11,4.54,4.29,4.23,0.25,16.02,,,,,6068.5
2025-02-12,4.62,4.36,4.23,0.26,15.89,,,,,6051.97021484375
2025-02-13,4.52,4.31,4.22,0.21,15.1,,,,,6115.06982421875
2025-02-14,4.47,4.26,4.22,0.21,14.77,,,,,6114.6298828125
2025-02-17,,,,,15.37,,,,,
2025-02-18,4.55,4.29,4.23,0.26,15.35,,,,,6129.580078125
2025-02-19,4.53,4.28,4.22,0.25,15.27,,,,,6144.14990234375
2025-02-20,4.5,4.28,4.21,0.22,15.66,,,,,6117.52001953125
2025-02-21,4.42,4.19,4.21,0.23,18.21,,,,,6013.1298828125
2025-02-24,4.4,4.13,4.19,0.27,18.98,,,,,5983.25
2025-02-25,4.3,4.07,4.19,0.23,19.43,,,,,5955.25
2025-02-26,4.25,4.05,4.2,0.2,19.1,,,,,5956.06005859375
2025-02-27,4.29,4.07,4.2,0.22,21.13,,,,,5861.56982421875
2025-02-28,4.24,3.99,4.2,0.25,19.63,,,,,5954.5
2025-03-01,,,,,,4.2,101.0404,158377.0,4.33,
2025-03-03,4.16,3.96,4.21,0.2,22.78,,,,,5849.72021484375
2025-03-04,4.22,3.96,4.2,0.26,23.51,,,,,5778.14990234375
2025-03-05,4.28,3.99,4.21,0.29,21.93,,,,,5842.6298828125
2025-03-06,4.29,3.96,4.2,0.33,24.87,,,,,5738.52001953125
2025-03-07,4.32,3.99,4.2,0.33,23.37,,,,,5770.2001953125
2025-03-10,4.22,3.89,4.19,0.33,27.86,,,,,5614.56005859375
2025-03-11,4.28,3.94,4.2,0.34,26.92,,,,,5572.06982421875
2025-03-12,4.32,4.01,4.21,0.31,24.23,,,,,5599.2998046875
2025-03-13,4.27,3.94,4.2,0.33,24.66,,,,,5521.52001953125
2025-03-14,4.31,4.02,4.2,0.29,21.77,,,,,5638.93994140625
2025-03-17,4.31,4.06,4.2,0.25,20.51,,,,,5675.1201171875
2025-03-18,4.29,4.04,4.2,0.25,21.7,,,,,5614.66015625
2025-03-19,4.25,3.99,4.2,0.26,19.9,,,,,5675.2900390625
2025-03-20,4.24,3.95,4.19,0.29,19.8,,,,,5662.89013671875
2025-03-21,4.25,3.94,4.19,0.31,19.28,,,,,5667.56005859375
2025-03-24,4.34,4.04,4.19,0.3,17.48,,,,,5767.56982421875
2025-03-25,4.31,3.96,4.19,0.35,17.15,,,,,5776.64990234375
2025-03-26,4.35,3.98,4.2,0.37,18.33,,,,,5712.2001953125
2025-03-27,4.38,3.97,4.2,0.41,18.69,,,,,5693.31005859375
2025-03-28,4.27,3.89,4.2,0.38,21.65,,,,,5580.93994140625
2025-03-31,4.23,3.89,4.21,0.34,22.28,,,,,5611.85009765625
2025-04-01,4.17,3.87,4.2,0.3,21.77,4.2,101.1279,158485.0,4.33,5633.06982421875
2025-04-02,4.2,3.91,4.21,0.29,21.51,,,,,5670.97021484375
2025-04-03,4.06,3.71,4.2,0.35,30.02,,,,,5396.52001953125
2025-04-04,4.01,3.68,4.17,0.33,45.31,,,,,5074.080078125
2025-04-07,4.15,3.73,4.17,0.42,46.98,,,,,5062.25
2025-04-08,4.26,3.71,4.19,0.55,52.33,,,,,4982.77001953125
2025-04-09,4.34,3.91,4.24,0.43,33.62,,,,,5456.89990234375
2025-04-10,4.4,3.84,4.22,0.56,40.72,,,,,5268.0498046875
2025-04-11,4.48,3.96,4.23,0.52,37.56,,,,,5363.35986328125
2025-04-14,4.38,3.84,4.22,0.54,30.89,,,,,5405.97021484375
2025-04-15,4.35,3.84,4.22,0.51,30.12,,,,,5396.6298828125
2025-04-16,4.29,3.77,4.21,0.52,32.64,,,,,5275.7001953125
2025-04-17,4.34,3.81,4.23,0.53,29.65,,,,,5282.7001953125
2025-04-18,,,,,,,,,,
2025-04-21,4.42,3.75,4.22,0.67,33.82,,,,,5158.2001953125
2025-04-22,4.41,3.76,4.22,0.65,30.57,,,,,5287.759765625
2025-04-23,4.4,3.81,4.22,0.59,28.45,,,,,5375.85986328125
2025-04-24,4.32,3.77,4.21,0.55,26.47,,,,,5484.77001953125
2025-04-25,4.29,3.74,4.21,0.55,24.84,,,,,5525.2099609375
2025-04-28,4.23,3.67,4.2,0.56,25.15,,,,,5528.75
2025-04-29,4.19,3.65,4.2,0.54,24.17,,,,,5560.830078125
2025-04-30,4.17,3.6,4.2,0.57,24.7,,,,,5569.06005859375
2025-05-01,4.25,3.7,4.2,0.55,24.6,4.3,100.9655,158498.0,4.33,5604.14013671875
2025-05-02,4.33,3.83,4.22,0.5,22.68,,,,,5686.669921875
2025-05-05,4.36,3.83,4.22,0.53,23.64,,,,,5650.3798828125
2025-05-06,4.3,3.78,4.22,0.52,24.76,,,,,5606.91015625
2025-05-07,4.26,3.78,4.22,0.48,23.55,,,,,5631.27978515625
2025-05-08,4.37,3.9,4.23,0.47,22.48,,,,,5663.93994140625
2025-05-09,4.37,3.88,4.22,0.49,21.9,,,,,5659.91015625
2025-05-12,4.45,3.98,4.31,0.47,18.39,,,,,5844.18994140625
2025-05-13,4.49,4.02,4.29,0.47,18.22,,,,,5886.5498046875
2025-05-14,4.53,4.05,4.29,0.48,18.62,,,,,5892.580078125
2025-05-15,4.45,3.96,4.27,0.49,17.83,,,,,5916.93017578125
2025-05-16,4.43,3.98,4.25,0.45,17.24,,,,,5958.3798828125
2025-05-19,4.46,3.97,4.28,0.49,18.14,,,,,5963.60009765625
2025-05-20,4.48,3.97,4.26,0.51,18.09,,,,,5940.4599609375
2025-05-21,4.58,4.0,4.24,0.58,20.87,,,,,5844.60986328125
2025-05-22,4.54,4.0,4.25,0.54,20.28,,,,,5842.009765625
2025-05-23,4.51,4.0,4.24,0.51,22.29,,,,,5802.81982421875
2025-05-26,,,,,20.57,,,,,
2025-05-27,4.43,3.92,4.24,0.51,18.96,,,,,5921.5400390625
2025-05-28,4.47,3.96,4.24,0.51,19.31,,,,,5888.5498046875
2025-05-29,4.43,3.92,4.25,0.51,19.18,,,,,5912.169921875
2025-05-30,4.41,3.89,4.25,0.52,18.57,,,,,5911.68994140625
2025-06-01,,,,,,4.1,101.4785,158478.0,4.33,
2025-06-02,4.46,3.94,4.25,0.52,18.36,,,,,5935.93994140625
2025-06-03,4.46,3.96,4.24,0.5,17.69,,,,,5970.3701171875
2025-06-04,4.37,3.87,4.25,0.5,17.61,,,,,5970.81005859375
2025-06-05,4.4,3.92,4.25,0.48,18.48,,,,,5939.2998046875
2025-06-06,4.51,4.04,4.25,0.47,16.77,,,,,6000.35986328125
2025-06-09,4.49,4.01,4.25,0.48,17.16,,,,,6005.8798828125
2025-06-10,4.47,4.01,4.26,0.46,16.95,,,,,6038.81005859375
2025-06-11,4.41,3.94,4.26,0.47,17.26,,,,,6022.240234375
2025-06-12,4.36,3.9,4.27,0.46,18.02,,,,,6045.259765625
2025-06-13,4.41,3.96,4.26,0.45,20.82,,,,,5976.97021484375
2025-06-16,4.46,3.97,4.24,0.49,19.11,,,,,6033.10986328125
2025-06-17,4.39,3.94,4.23,0.45,21.6,,,,,5982.72021484375
2025-06-18,4.38,3.94,4.23,0.44,20.14,,,,,5980.8701171875
2025-06-19,,,,,22.17,,,,,
2025-06-20,4.38,3.9,4.21,0.48,20.62,,,,,5967.83984375
2025-06-23,4.34,3.84,4.19,0.5,19.83,,,,,6025.169921875
2025-06-24,4.3,3.75,4.19,0.55,17.48,,,,,6092.18017578125
2025-06-25,4.29,3.74,4.19,0.55,16.76,,,,,6092.16015625
2025-06-26,4.26,3.7,4.21,0.56,16.59,,,,,6141.02001953125
2025-06-27,4.29,3.73,4.2,0.56,16.32,,,,,6173.06982421875
2025-06-30,4.24,3.72,4.24,0.52,16.73,,,,,6204.9501953125
2025-07-01,4.26,3.78,4.24,0.48,16.83,4.3,101.894,158542.0,4.33,6198.009765625
2025-07-02,4.3,3.78,4.24,0.52,16.64,,,,,6227.419921875
2025-07-03,4.35,3.88,4.26,0.47,16.38,,,,,6279.35009765625
2025-07-04,,,,,17.48,,,,,
2025-07-07,4.4,3.9,4.26,0.5,17.79,,,,,6229.97998046875
2025-07-08,4.42,3.9,4.26,0.52,16.81,,,,,6225.52001953125
2025-07-09,4.34,3.86,4.26,0.48,15.94,,,,,6263.259765625
2025-07-10,4.35,3.86,4.25,0.49,15.78,,,,,6280.4599609375
2025-07-11,4.43,3.9,4.25,0.53,16.4,,,,,6259.75
2025-07-14,4.43,3.9,4.26,0.53,17.2,,,,,6268.56005859375
2025-07-15,4.5,3.95,4.25,0.55,17.38,,,,,6243.759765625
2025-07-16,4.46,3.88,4.24,0.58,17.16,,,,,6263.7001953125
2025-07-17,4.47,3.91,4.24,0.56,16.52,,,,,6297.35986328125
2025-07-18,4.44,3.88,4.24,0.56,16.41,,,,,6296.7900390625
2025-07-21,4.38,3.85,4.24,0.53,16.65,,,,,6305.60009765625
2025-07-22,4.35,3.83,4.24,0.52,16.5,,,,,6309.6201171875
2025-07-23,4.4,3.88,4.25,0.52,15.37,,,,,6358.91015625
2025-07-24,4.43,3.91,4.25,0.52,15.39,,,,,6363.35009765625
2025-07-25,4.4,3.91,4.25,0.49,14.93,,,,,6388.64013671875
2025-07-28,4.42,3.91,4.24,0.51,15.03,,,,,6389.77001953125
2025-07-29,4.34,3.86,4.24,0.48,15.98,,,,,6370.85986328125
2025-07-30,4.38,3.94,4.25,0.44,15.48,,,,,6362.89990234375
2025-07-31,4.37,3.94,4.24,0.43,16.72,,,,,6339.39013671875
2025-08-01,4.23,3.69,4.19,0.54,20.38,4.3,101.6247,158472.0,4.33,6238.009765625
2025-08-04,4.22,3.69,4.16,0.53,17.52,,,,,6329.93994140625
2025-08-05,4.22,3.72,4.16,0.5,17.85,,,,,6299.18994140625
2025-08-06,4.22,3.69,4.14,0.53,16.77,,,,,6345.06005859375
2025-08-07,4.23,3.72,4.14,0.51,16.57,,,,,6340.0
2025-08-08,4.27,3.76,4.14,0.51,15.15,,,,,6389.4501953125
2025-08-11,4.27,3.76,4.15,0.51,16.25,,,,,6373.4501953125
2025-08-12,4.29,3.72,4.14,0.57,14.73,,,,,6445.759765625
2025-08-13,4.24,3.67,4.11,0.57,14.49,,,,,6466.580078125
2025-08-14,4.29,3.74,4.12,0.55,14.83,,,,,6468.5400390625
2025-08-15,4.33,3.75,4.12,0.58,15.09,,,,,6449.7998046875
2025-08-18,4.34,3.77,4.14,0.57,14.99,,,,,6449.14990234375
2025-08-19,4.3,3.75,4.12,0.55,15.57,,,,,6411.3701171875
2025-08-20,4.29,3.74,4.12,0.55,15.69,,,,,6395.77978515625
2025-08-21,4.33,3.79,4.14,0.54,16.6,,,,,6370.169921875
2025-08-22,4.26,3.68,4.1,0.58,14.22,,,,,6466.91015625
2025-08-25,4.28,3.73,4.1,0.55,14.79,,,,,6439.31982421875
2025-08-26,4.26,3.61,4.1,0.65,14.62,,,,,6465.93994140625
2025-08-27,4.24,3.59,4.08,0.65,14.85,,,,,6481.39990234375
2025-08-28,4.22,3.62,4.08,0.6,14.43,,,,,6501.85986328125
2025-08-29,4.23,3.59,4.05,0.64,15.36,,,,,6460.259765625
2025-09-01,,,,,16.12,4.4,101.668,158548.0,4.22,
2025-09-02,4.28,3.66,4.05,0.62,17.17,,,,,6415.5400390625
2025-09-03,4.22,3.61,4.03,0.61,16.35,,,,,6448.259765625
2025-09-04,4.17,3.59,4.01,0.58,15.3,,,,,6502.080078125
2025-09-05,4.1,3.51,3.92,0.59,15.18,,,,,6481.5
2025-09-08,4.05,3.49,3.95,0.56,15.11,,,,,6495.14990234375
2025-09-09,4.08,3.54,3.95,0.54,15.04,,,,,6512.60986328125
2025-09-10,4.04,3.54,3.94,0.5,15.35,,,,,6532.0400390625
2025-09-11,4.01,3.52,3.94,0.49,14.71,,,,,6587.47021484375
2025-09-12,4.06,3.56,3.94,0.5,14.76,,,,,6584.2900390625
2025-09-15,4.05,3.54,3.91,0.51,15.69,,,,,6615.27978515625
2025-09-16,4.04,3.51,3.9,0.53,16.36,,,,,6606.759765625
2025-09-17,4.06,3.52,3.88,0.54,15.72,,,,,6600.35009765625
2025-09-18,4.11,3.57,3.89,0.54,15.7,,,,,6631.9599609375
2025-09-19,4.14,3.57,3.89,0.57,15.45,,,,,6664.35986328125
2025-09-22,4.15,3.61,3.86,0.54,16.1,,,,,6693.75
2025-09-23,4.12,3.53,3.86,0.59,16.64,,,,,6656.919921875
2025-09-24,4.16,3.57,3.87,0.59,16.18,,,,,6637.97021484375
2025-09-25,4.18,3.64,3.89,0.54,16.74,,,,,6604.72021484375
2025-09-26,4.2,3.63,3.87,0.57,15.29,,,,,6643.7001953125
2025-09-29,4.15,3.63,3.86,0.52,16.12,,,,,6661.2099609375
2025-09-30,4.16,3.6,3.86,0.56,16.28,,,,,6688.4599609375
2025-10-01,4.12,3.55,3.85,0.57,16.29,,101.2195,158408.0,4.09,6711.2001953125
2025-10-02,4.1,3.55,3.86,0.55,16.63,,,,,6715.35009765625
2025-10-03,4.13,3.58,3.87,0.55,16.65,,,,,6715.7900390625
2025-10-06,4.18,3.6,3.86,0.58,16.37,,,,,6740.27978515625
2025-10-07,4.14,3.57,3.85,0.57,17.24,,,,,6714.58984375
2025-10-08,4.13,3.58,3.85,0.55,16.3,,,,,6753.72021484375
2025-10-09,4.14,3.6,3.87,0.54,16.43,,,,,6735.10986328125
2025-10-10,4.05,3.52,3.86,0.53,21.66,,,,,6552.509765625
2025-10-13,,,,,19.03,,,,,6654.72021484375
2025-10-14,4.03,3.48,3.85,0.55,20.81,,,,,6644.31005859375
2025-10-15,4.05,3.5,3.87,0.55,20.64,,,,,6671.06005859375
2025-10-16,3.99,3.41,3.86,0.58,25.31,,,,,6629.06982421875
2025-10-17,4.02,3.46,3.84,0.56,20.78,,,,,6664.009765625
2025-10-20,4.0,3.46,3.81,0.54,18.23,,,,,6735.1298828125
2025-10-21,3.98,3.45,3.8,0.53,17.87,,,,,6735.35009765625
2025-10-22,3.97,3.45,3.8,0.52,18.6,,,,,6699.39990234375
2025-10-23,4.01,3.48,3.8,0.53,17.3,,,,,6738.43994140625
2025-10-24,4.02,3.48,3.77,0.54,16.37,,,,,6791.68994140625
2025-10-27,4.01,3.48,3.73,0.53,15.79,,,,,6875.16015625
2025-10-28,3.99,3.47,3.73,0.52,16.42,,,,,6890.89013671875
2025-10-29,4.08,3.59,3.77,0.49,16.92,,,,,6890.58984375
2025-10-30,4.11,3.61,3.76,0.5,16.91,,,,,6822.33984375
2025-10-31,4.11,3.6,3.73,0.51,17.44,,,,,6840.2001953125
2025-11-01,,,,,,4.5,101.0344,158449.0,3.88,
2025-11-03,4.13,3.6,3.82,0.53,17.17,,,,,6851.97021484375
2025-11-04,4.1,3.58,3.8,0.52,19.0,,,,,6771.5498046875
2025-11-05,4.17,3.63,3.8,0.54,18.01,,,,,6796.2900390625
2025-11-06,4.11,3.57,3.77,0.54,19.5,,,,,6720.31982421875
2025-11-07,4.11,3.55,3.77,0.56,19.08,,,,,6728.7998046875
2025-11-10,4.13,3.58,3.79,0.55,17.6,,,,,6832.43017578125
2025-11-11,,,,,17.28,,,,,6846.60986328125
2025-11-12,4.08,3.56,3.79,0.52,17.51,,,,,6850.919921875
2025-11-13,4.11,3.58,3.8,0.53,20.0,,,,,6737.490234375
2025-11-14,4.14,3.62,3.8,0.52,19.83,,,,,6734.10986328125
2025-11-17,4.13,3.6,3.8,0.53,22.38,,,,,6672.41015625
2025-11-18,4.12,3.58,3.78,0.54,24.69,,,,,6617.31982421875
2025-11-19,4.13,3.58,3.79,0.55,23.66,,,,,6642.16015625
2025-11-20,4.1,3.55,3.78,0.55,26.42,,,,,6538.759765625
2025-11-21,4.06,3.51,3.75,0.55,23.43,,,,,6602.990234375
2025-11-24,4.04,3.46,3.75,0.58,20.52,,,,,6705.1201171875
2025-11-25,4.01,3.43,3.74,0.58,18.56,,,,,6765.8798828125
2025-11-26,4.0,3.45,3.76,0.55,17.19,,,,,6812.60986328125
2025-11-27,,,,,17.21,,,,,
2025-11-28,4.02,3.47,3.73,0.55,16.35,,,,,6849.08984375
2025-12-01,4.09,3.54,3.71,0.55,17.24,4.4,101.4941,158432.0,3.72,6812.6298828125
2025-12-02,4.09,3.51,3.68,0.58,16.59,,,,,6829.3701171875
2025-12-03,4.06,3.49,3.64,0.57,16.08,,,,,6849.72021484375
2025-12-04,4.11,3.52,3.63,0.59,15.78,,,,,6857.1201171875
2025-12-05,4.14,3.56,3.62,0.58,15.41,,,,,6870.39990234375
2025-12-08,4.17,3.57,3.64,0.6,16.66,,,,,6846.509765625
2025-12-09,4.18,3.61,3.64,0.57,16.93,,,,,6840.509765625
2025-12-10,4.13,3.54,3.6,0.59,15.77,,,,,6886.68017578125
2025-12-11,4.14,3.52,3.58,0.62,14.85,,,,,6901.0
2025-12-12,4.19,3.52,3.54,0.67,15.74,,,,,6827.41015625
2025-12-15,4.18,3.51,3.56,0.67,16.5,,,,,6816.509765625
2025-12-16,4.15,3.48,3.56,0.67,16.48,,,,,6800.259765625
2025-12-17,4.16,3.49,3.55,0.67,17.62,,,,,6721.43017578125
2025-12-18,4.12,3.46,3.53,0.66,16.87,,,,,6774.759765625
2025-12-19,4.16,3.48,3.54,0.68,14.91,,,,,6834.5
2025-12-22,4.17,3.44,3.56,0.73,14.08,,,,,6878.490234375
2025-12-23,4.18,3.48,3.56,0.7,14.0,,,,,6909.7900390625
2025-12-24,4.15,3.47,3.6,0.68,13.47,,,,,6932.0498046875
2025-12-25,,,,,,,,,,
2025-12-26,4.14,3.46,3.56,0.68,13.6,,,,,6929.93994140625
2025-12-29,4.12,3.45,3.57,0.67,14.2,,,,,6905.740234375
2025-12-30,4.14,3.45,3.55,0.69,14.33,,,,,6896.240234375
2025-12-31,4.18,3.47,3.57,0.71,14.95,,,,,6845.5
